,yagpt3_predictions
0,"Доцент кафедры информатики РЭУ им. Плеханова Александр Тимофеев сообщил, что постоянно включённый Bluetooth на смартфоне может привести к быстрой разрядке аккумулятора и серьёзным проблемам с безопасностью.

Хакеры могут использовать Bluetooth для взлома устройства и получения доступа к личным данным, слежки за пользователями и внесения изменений в передаваемые данные.

Старший инженер-программист Avast Войтех Бочек и руководитель группы системных инженеров Check Point Software Technologies Ltd. Сергей Забула также отмечают опасность постоянно включённого Bluetooth.

Последствия атак с использованием Bluetooth могут быть разнообразными: от кражи или удаления информации до финансовых потерь и вывода телефона из строя.

Эксперты рекомендуют отключать Bluetooth, когда он не используется, и применять решения класса Mobile Threat Defense для защиты мобильных устройств и данных."
1,"К сожалению, я не могу ничего сказать об этом. Давайте сменим тему?"
2,"К сожалению, я не могу ничего сказать об этом. Давайте сменим тему?"
3,"Мария Колесникова, член президиума координационного совета оппозиции Белоруссии, находится в СИЗО. Её адвокат подтвердила эту информацию и отметила, что Колесникова может иметь процессуальный статус подозреваемой.

Координационный совет оппозиции был создан по инициативе основной соперницы Александра Лукашенко Светланы Тихановской. Его задача — наладить диалог между протестующим народом и властями страны. Однако белорусская генпрокуратура считает деятельность совета незаконной.

На данный момент на свободе остался только один член президиума — нобелевский лауреат Светлана Алексиевич. Она заявила, что совет не готовил государственный переворот, а хотел не допустить раскола в обществе.

В Белоруссии уже месяц не прекращаются массовые акции протеста, участники которых требуют проведения новых выборов. Официальные власти считают, что «выборы состоялись» и нет причин считать их нелегитимными."
4,"Аналитики Deutsche Bank предсказали наступление в 2020 году новой глобальной эпохи беспорядка.

Эпоха будет характеризоваться возвышением экономики Китая над США, усилением политики «вертолётных денег» и сменой поколений. Между США и КНР будет нарастать «холодная война» по мере увеличения экономического веса Поднебесной.

Также ожидается рост экономического неравенства между странами и внутри стран, ужесточение конкуренции между поколениями и рост влияния миллениалов на принятие политических решений.

Эксперты банка считают, что все эти изменения — факторы риска и грядущей дестабилизации. Беспорядок будет определять новую эпоху, как минимум, в течение ближайшего десятилетия."
5,"ГИБДД совместно с Минтрансом разработали масштабный проект изменений в правила дорожного движения, в том числе для средств индивидуальной мобильности (СИМ): электросамокатов, гироскутеров, моноколёс, сегвеев, скейтбордов и роликов.

Поправки касаются в первую очередь пространства для передвижения на СИМ, скоростного режима, а также возраста пользователей.

Проект находится на обсуждении, после общественных слушаний поправки могут быть приняты официально."
6,"К сожалению, я не могу ничего сказать об этом. Давайте сменим тему?"
7,"К сожалению, я не могу ничего сказать об этом. Давайте сменим тему?"
8,"К сожалению, я не могу ничего сказать об этом. Давайте сменим тему?"
9,"К сожалению, я не могу ничего сказать об этом. Давайте сменим тему?"
10,"На конференции Battery Day Илон Маск объявил о планах Tesla выпустить бюджетный электрокар стоимостью $25 тыс. ($1,9 млн руб.).

Маск рассчитывает снизить стоимость электромобилей за счёт оптимизации нового аккумулятора. Заявленный запас хода должен увеличиться на 16%.

Доступная Tesla будет более эффективной и получит новую систему автономного управления — автопилот пятого уровня.

Автомобиль будет производиться на берлинском заводе Tesla Gigafactory 4.

В планах Маска — производить до 20 млн электрокаров в год. В прошлом году было выпущено около 370 тыс. электрокаров.

Продажи электрокаров в России постепенно растут, но для развития рынка необходима инфраструктура зарядных станций."
11,"Правительство Польши заключило соглашение с профсоюзами о постепенном закрытии угольных шахт к 2049 году. Это решение последовало за заявлениями мировых лидеров о необходимости серьёзно озаботиться климатическими проблемами.

На 75-й сессии Генеральной Ассамблеи ООН Китай объявил о намерении выйти на пик выбросов CO2 до 2030 года и достичь углеродной нейтральности до 2060 года, а председатель Еврокомиссии Урсула фон дер Ляйен сообщила, что Евросоюз намерен сократить выбросы парниковых газов к 2030 году на 55%.

В своём выступлении на 75-й сессии Генеральной Ассамблеи Организации Объединённых Наций председатель КНР Си Цзиньпин призвал международное сообщество выполнить Парижское соглашение по климату 2015 года.

Дональд Трамп, президент США, убеждён, что участие США в Парижском соглашении подрывает американскую экономику и наносит урон сфере занятости. После президентских выборов США официально покинут Парижское соглашение.

Генеральный секретарь ООН Антонио Гутерриш пытается продвигать борьбу с климатическими изменениями, но его усилия осложняются позицией США и других стран."
12,"В Оренбурге после рядовой стоматологической операции скончалась девятилетняя школьница. Операция была необходима из-за сверхкомплектного зуба, который мешал расти коренному. Операция началась 24 сентября, но после удаления зуба возникли проблемы с выводом пациентки из наркоза, и она скончалась.

Следователи возбудили уголовное дело по статье «Причинение смерти по неосторожности вследствие ненадлежащего исполнения профессиональных обязанностей». Они работают с персоналом и руководством клиники, изъята документация, которая может иметь отношение к происшествию.

Ранее в Пензе за смерть шестилетнего мальчика осудили на полтора года ограничения свободы с лишением права заниматься врачебной деятельностью в течение двух лет травматолога, который поставил ребёнку диагноз «перелом правой руки», но не обратил внимания на температуру и отёки, не поместил мальчика в стационар для детальной диагностики и наложил гипс, отпустив домой.

Впоследствии у мальчика развилась острая печёночная и сердечная недостаточность из-за синдрома длительного сдавления мягких тканей руки, и он скончался в больнице."
13,"К сожалению, я не могу ничего сказать об этом. Давайте сменим тему?"
14,"Студия CD Projekt RED установила для сотрудников шестидневную рабочую неделю до релиза игры Cyberpunk 2077, который запланирован на 19 ноября. 

Изначально игру планировали выпустить в апреле, затем в сентябре, но из-за необходимости оптимизации и исправления багов релиз снова перенесли.

В 2019 году сооснователь студии Марчин Ивински обещал, что не допустит сверхурочной работы, но теперь компания решила ввести кранчи. В письме сотрудникам глава студии Адам Бадовски сообщил, что вся команда переходит в режим ускорения, и пояснил, что это означает один дополнительный рабочий день в неделю.

Cyberpunk 2077 — новая экшн-RPG, действие которой происходит в вымышленном городе Найт-Сити. Известно, что игра будет выпущена на PC, PlayStation 4 и Xbox One. Пользователи, купившие игру для PlayStation 4 и Xbox One, смогут бесплатно перенести её на PlayStation 5 и Xbox Series X."
15,"Мэр Москвы Сергей Собянин объявил, что с 5 октября часть сотрудников перейдёт на дистанционную работу. Работодатели должны перевести на удалёнку не менее 30% работников, а также всех сотрудников старше 65 лет и тех, кто страдает хроническими заболеваниями. Исключение составляют работники, чьё присутствие на рабочем месте критически важно для функционирования организации.

Президент России Владимир Путин заявил, что от поведения россиян зависит, придётся ли вновь вводить ограничения из-за коронавируса. Глава Роспотребнадзора Анна Попова сообщила, что для предотвращения ухудшения инфекционной ситуации достаточно соблюдать предписания врачей.

В Министерстве просвещения РФ сообщили, что массовый перевод школ на дистанционное обучение не планируется. Ситуация с закрытием отдельных школ на карантин из-за коронавируса находится под контролем."
16,"В третьем квартале Минфин занял на рынке 1,24 трлн рублей за счёт размещения ОФЗ. Ведомство планировало занять 1 трлн рублей, но в процессе решило занять дополнительную сумму. 

Эксперты разошлись во мнениях о причинах такого решения Минфина. Одни считают, что деньги нужны на финансирование стратегии восстановления экономики, другие — что Минфин предвидит сложности с размещением ОФЗ в четвёртом квартале.

В третьем квартале Минфину не удалось разместить долгосрочные ОФЗ сроком от 10 лет. Участники рынка перестали ждать дальнейшего снижения доходностей и страхуются от их возможного роста в будущем.

Минфин гибко подстроился под реалии спроса и сместил акценты в размещениях в пользу ОФЗ с переменным купоном. Ведомству удалось занять деньги на покрытие дефицитного бюджета и, возможно, на восстановление экономики страны, только благодаря тому, что на этот шаг пошли российские банки."
17,"Телеведущий Борис Корчевников впервые публично подтвердил слухи об ухудшении слуха после операции по удалению доброкачественной опухоли мозга в 2015 году. Об этом он сказал в эфире передачи «Судьба человека», гостем которой стал народный артист России и Украины Игорь Крутой. В ходе передачи композитор рассказал о своих личных историях, в том числе о том, как он провёл бессонную ночь, прислушиваясь к храпу актёра Евгения Леонова.

Игорь Крутой также поделился подробностями своей личной жизни: причиной смерти его отца 40 лет назад стал рак слюнной железы, а причиной расставания с бывшей женой — материальные трудности.

Корчевников признался, что давно хотел пригласить Крутого к себе на передачу, а сам композитор перед появлением в «Судьбе человека» рассказал об этом в своих соцсетях."
18,"По сообщению специалиста центра «Фобос» Евгения Тишковца, в центральной части европейской России летнее тепло сохранится ещё пару дней — до среды.

В понедельник и вторник ожидается температура от +16 до +22 °C, ночью похолодает до +6…+11 °C. Ветер ожидается южный, несильный, атмосферное давление будет повышенным.

Благодаря высокому атмосферному давлению тепло сохранится и до начала следующей недели. По словам главы ситуационного центра Росгидромета Юрия Варакина, на следующей неделе на европейской части России также сохранится бабье лето, но затем начнётся резкое похолодание.

Гидрометцентр России представил вероятностный прогноз погоды на период с октября по март. В целом, ожидается, что октябрь будет холоднее, чем год назад, а в ноябре тёплый циклон удержится в СЗФО, Приволжье, на Урале и в Сибири. Декабрь ожидается холоднее обычного на Дальнем Востоке, а в январе и феврале погодные аномалии будут наблюдаться на большей части России.

Март ожидается теплее обычного в Центральной России, Приволжье и на Урале, на юге страны и в Сибири, а также на Чукотке."
19,"Ринат Кафиятуллин, артист Молодёжного театра под руководством Вячеслава Спесивцева, утонул в бассейне столичного фитнес-клуба 7 октября.

По словам представителя Главного следственного управления СК по Москве Юлии Ивановой, мужчина почувствовал себя плохо и начал тонуть. Сотрудники клуба пытались оказать ему помощь, но он скончался до прибытия скорой.

Директор спортивного клуба сообщил, что у погибшего было генетическое заболевание. По его словам, у актёра были проблемы со здоровьем, и ему не стоило посещать бассейн.

Представители театра сообщили, что Ринат уволился год назад, был хорошим артистом, но человеком со слабым здоровьем."
20,"Мэр Москвы Сергей Собянин объявил об изменениях в образовательном процессе из-за роста заболеваемости COVID-19.

В школу будут ходить только ученики 1–5 классов, старшеклассники переходят на дистанционный режим. Транспортные карты школьников младших классов будут разблокированы. Учреждения дополнительного образования закрываются на две недели.

Уроки в школах будут вести студенты и выпускники педагогических вузов, а опытные учителя будут контролировать учебный процесс в дистанционном режиме.

Каникулы в московских школах увеличены до двух недель, детские сады продолжают работать по обычному графику. Мэр попросил родителей объяснить детям, что лучше всего провести время дома или на даче."
21,"К сожалению, я не могу ничего сказать об этом. Давайте сменим тему?"
22,"К сожалению, я не могу ничего сказать об этом. Давайте сменим тему?"
23,"Специалисты по гидродинамике из Индийского технологического института в Мумбаи выяснили, что маска до 23 раз уменьшает объём облака микрокапель, выбрасываемых при кашле. 

Исследователи отмечают, что роль воздуха, выбрасываемого при кашле и чихании, имеет решающее значение для понимания распространения пандемии. Они смоделировали движение микрокапель, выброшенных изо рта при кашле, и выяснили, что хирургическая маска снижает выброс в семь раз, а маска-респиратор N95 — в 23 раза.

Авторы работы надеются, что новые данные позволят более точно рассчитать, сколько человек может находиться в помещениях без риска заражения. Также важно установить минимальную скорость, с которой воздух должен циркулировать в помещении, чтобы в нём не накапливались вирусные частицы."
24,"Против Андрея Бурима, известного как Mellstroy, возбудили дело по статье 116 УК РФ «Побои» после того, как он избил модель Алену Ефремову в прямом эфире. Блогеру грозит до двух лет лишения свободы.

Инцидент произошел 19 октября в Москве-Сити. Mellstroy вёл прямую трансляцию вместе с моделью и другими блогерами, за которыми наблюдали около 70 тыс. человек. В ходе трансляции блогер схватил модель за шею и несколько раз ударил головой о стол. У девушки диагностировали перелом челюсти, а также ушибы и закрытую черепно-мозговую травму.

После подачи заявления модель сообщила в Instagram, что «с этого момента её жизнь сильно изменилась». Она призвала остальных жертв Бурима рассказать свои истории, «потому что против такого зла, как насилие, важно объединяться»."
25,"Всероссийский центр изучения общественного мнения (ВЦИОМ) провёл опрос о лучших эстрадных исполнителях 2020 года. В голосовании приняли участие 1600 россиян.

По результатам опроса, лучшим певцом российской эстрады стал Филипп Киркоров (9%), в топ-3 также вошли Николай Басков (8%) и Сергей Лазарев (6%). Лидером народного рейтинга среди певиц стала Полина Гагарина (12%), обогнав Аллу Пугачёву и Валерию (по 7%).

Исследовательский холдинг «Ромир» составил топ-10 исполнителей, пользующихся наибольшим доверием среди россиян. По результатам опроса, чаще всего доверие высказывали Алле Пугачёвой. Второе место заняла Ольга Бузова, третье — Сергей Шнуров.

Критик Артур Гаспарян попытался объяснить результаты опросов, отметив, что популярность некоторых исполнителей ограничена узкими кругами, в первую очередь — молодёжью."
26,"Певец Андрей Губин, о пропаже которого сообщали СМИ, нашёлся — он отдыхает в Египте. Об этом сообщил друг артиста Владимир Бурмяков. По его словам, Губин улетел в Египет, как только открылись границы, и не планирует возвращаться. Ранее Губин уже жил в Египте, где арендовал дом с бассейном и занимался творчеством. В июле этого года Губин впервые за 15 лет выступил на публике. Пользователи соцсети отметили, что у него отлично сохранились вокальные данные, и выразили надежду, что Губин вновь появится на большой сцене."
27,"Российская певица МакSим была вынуждена уйти со сцены из-за проблем со здоровьем после ДТП, в которое она попала в 2019 году. В результате аварии у певицы возникли множественные внутренние повреждения, она долго восстанавливалась и поправилась на 15 кг.

Пандемия коронавируса помешала певице вернуться к работе, а в начале февраля 2023 года представительница МакSим сообщила, что артистка уходит в бессрочный отпуск на неопределённый срок по настоятельным рекомендациям врачей. Отмена выступлений и концертов будет обсуждаться индивидуально с каждым организатором."
28,"Темнокожая актриса Лашана Линч подтвердила своё участие в фильме «Не время умирать» в роли нового агента 007. После появления первых слухов о её персонаже она столкнулась с травлей, из-за которой ей пришлось уйти из социальных сетей и медитировать.

Линч считает, что её роль в бондиане — это шаг в правильном направлении, способ противостоять расовым и гендерным стереотипам. Она хотела, чтобы её персонаж был более жизненным и неуклюжим, чтобы темнокожие зрители могли узнать себя в её исполнении."
29,"К сожалению, я не могу ничего сказать об этом. Давайте сменим тему?"
30,"В мае 2018 года президент России Владимир Путин подписал указ о национальных целях и стратегических задачах развития страны до 2024 года. Эти цели направлены на обеспечение прорывного развития России в различных областях.

Однако экономика России столкнулась с проблемами из-за снижения нефтяных цен и других фундаментальных факторов. Это привело к снижению доходов федерального бюджета, замедлению экономического роста и сокращению расходов на национальные проекты.

Власти вынуждены экономить на расходах, в том числе на ключевых программах и национальных проектах. Уровень исполнения расходов по нацпроектам на 8,1% ниже среднего уровня исполнения расходов федерального бюджета в целом.

Эксперты прогнозируют падение реального ВВП на 4,8-5% в этом году. Правительство одобрило проект поправок в бюджет на 2021-2023 годы, предусматривающий увеличение расходов на 3,5 трлн рублей. Однако эксперты считают, что этих средств может не хватить для покрытия всех выпадающих доходов."
31,"К сожалению, я не могу ничего сказать об этом. Давайте сменим тему?"
32,"К сожалению, я не могу ничего сказать об этом. Давайте сменим тему?"
33,"Гидрометцентр сообщает, что аномально тёплая зима 2019 года в европейской части России вряд ли повторится. Зима 2020-2021 годов будет теплее многолетней климатической нормы, но холоднее предыдущей.

В Москве средняя зимняя температура будет близка к нулю, а снег ожидается только в конце ноября. Прогнозы на зиму менее точны, чем кратковременные оценки погоды.

Ноябрь в столице и области будет более солнечным, чем обычно, и более засушливым. Московский департамент транспорта призвал водителей поменять покрышки на зимние в ближайшие дни."
34,"Финальная игра за звание чемпиона Национальной футбольной лиги (НФЛ) США состоится 7 февраля 2021 года в Тампе, штат Флорида. В перерыве Супербоула выступит канадский исполнитель The Weeknd.

НФЛ стремится привлечь к мероприятию внимание более широкой аудитории и поэтому выбирает популярных в соцсетях артистов.

Из-за пандемии стадион вместимостью 65,6 тысяч мест будет заполнен только на 20%. Несмотря на риски, НФЛ не планирует переносить Супербоул на другую дату.

Организаторы будут действовать в соответствии с принципами безопасности, установленными официальными ведомствами Флориды, и протоколами НФЛ, включающими сокращение количества людей на стадионе.

Решение лиги о проведении Супербоула даже с ограничением количества зрителей вызывает опасения у болельщиков и спортивных аналитиков. Ситуация с COVID-19 в США остаётся плачевной."
35,"К сожалению, я не могу ничего сказать об этом. Давайте сменим тему?"
36,"Всероссийский студенческий союз намерен обратиться в Минсельхоз и Минобрнауки РФ с требованием увеличить количество бюджетных мест в Арктическом государственном агротехнологическом университете (АГАТУ), если власти не примут соответствующие меры.

По версии прокуратуры, ректор АГАТУ Иван Слепцов совместно с коллегами вносил в документы учреждения ложные данные о поступлении в вуз 136 молодых людей, которые в действительности обучение в нём никогда не проходили.

На четвёртом курсе студентов якобы отчисляли за неуспеваемость. Выделенные на обучение денежные средства в размере 250 млн рублей изымались должностными лицами из числа руководства Арктического госуниверситета на цели, не связанные с обучением студентов.

Следственное подразделение регионального главка МВД возбудило дело по ч. 4 ст. 159 УК РФ «Мошенничество, совершённое группой лиц по предварительному сговору с использованием своего служебного положения, в особо крупном размере».

Сейчас глава АГАТУ Слепцов находится в изоляторе временного содержания."
37,"Пандемия COVID-19 способствовала развитию рынка страхования в России. По итогам 9 месяцев 2020 года объём страховых премий вырос в некоторых компаниях в два раза.

По прогнозу агентства «Национальные кредитные рейтинги», совокупная доналоговая прибыль российских страховщиков в 2020 году может превысить 300 млрд рублей.

Однако некоторые сегменты рынка, связанные с выездом за границу, пострадали, и по ним прогнозируется небольшое падение сборов.

Эксперты ожидают, что после появления эффективных вакцин от COVID-19 динамика рынка изменится, ажиотаж прекратится, и рынок вернётся в прежнее состояние."
38,"К сожалению, я не могу ничего сказать об этом. Давайте сменим тему?"
39,"Исследователи из Университета Юты обнаружили 22 гена, связанных с риском самоубийства. Они выяснили, что генетика — лишь один из факторов, которые могут привести к самоубийству.

К самоубийству обычно приводит совокупность факторов, включая генетическую предрасположенность в сочетании с невылеченными психическими заболеваниями, злоупотреблением алкоголем и наркотиками, трудностями в повседневной жизни и доступностью огнестрельного оружия.

Учёные планируют оценить генетические риски самоубийств на большей выборке, включающей представителей других рас и национальностей."
40,"К сожалению, я не могу ничего сказать об этом. Давайте сменим тему?"
41,"В сентябре 2020-го друзья и коллеги покойного Алексея Баталова обвинили Наталию Дрожжину и её мужа Михаила Цивина в присвоении недвижимости актёра. Из-за их махинаций родственники Баталова лишились доли в четырёхкомнатной квартире, мастерской, двух квартирах и денежных средств в размере $107 тыс.

Судебное разбирательство продолжается. Вдова и дочь Баталова смогли вернуть себе помещение в Доме на набережной. По словам вдовы, она не подписывала договор ренты с Дрожжиной и Цивиным.

Дрожжина и Цивин утверждают, что договор ренты был заключён с пожизненным содержанием дочери артиста Марии, страдающей ДЦП.

26 октября Дрожжина и Цивин были задержаны. Им предъявлено обвинение в мошенничестве, грозит до десяти лет лишения свободы. По решению суда им запрещено общаться с близкими Алексея Баталова."
42,"К сожалению, я не могу ничего сказать об этом. Давайте сменим тему?"
43,"Специалисты разработали систему, которая позволяет доказать повторное заражение коронавирусом. 

Эксперт Михаил Лебедев пояснил, что ключевыми факторами реинфекции являются состояние иммунной системы человека и вирусная нагрузка. Повторное заражение можно подтвердить, если между первым и вторым штаммами вируса есть выраженные различия в геномах. 

Лебедев также отметил, что наличие антител не всегда означает иммунитет к коронавирусу. Защитной функцией обладают антитела IgG к S-белку, а именно — к его рецептор-связывающему домену. 

За почти год пандемии в мире заразились более 66,2 млн человек, умерли 1,5 млн пациентов. Большинство — 45,8 млн человек — выздоровели. В России зафиксировано 2,4 млн заражённых, 42 тыс. летальных случаев и 1,8 млн выздоровевших."
44,"Мужчина открыл огонь по полицейским, прибывшим на вызов о домашнем насилии, в результате чего все трое погибли. После этого нападавший поджёг свой дом и, возможно, погиб в огне.

Нападавшему было 48 лет, его супруга спаслась. Это не первый случай домашнего насилия в этой семье.

В октябре в Париже произошло другое нападение: полицейский-одиночка убил четверых коллег ножом в здании префектуры. Нападавший был глухонемым и увлекался радикальным исламом. Инцидент был классифицирован как теракт."
45,"Компания Samsung высмеивала решение Apple убрать зарядный блок из комплекта iPhone 12, но позже пост с этим сообщением пропал из Facebook.

Ранее Apple объяснила отказ от адаптера питания в коробке стремлением снизить количество электронных отходов.

Samsung также решила не класть зарядку в комплект к смартфонам будущей линейки Galaxy S21.

Это не первый случай, когда Samsung высмеивает действия Apple, а потом повторяет их: ранее компания издевалась над Apple из-за того, что в iPhone убрали стандартный разъём под наушники.

Анонс смартфонов Galaxy S21 запланирован на 14 января 2021 года."
46,"К сожалению, я не могу ничего сказать об этом. Давайте сменим тему?"
47,"К сожалению, я не могу ничего сказать об этом. Давайте сменим тему?"
48,"Президент США Дональд Трамп раскритиковал решение сената, который преодолел его вето и принял оборонный бюджет на следующий год. Трамп настаивал на отмене статьи 230 закона об этике в сфере коммуникаций, так как она защищает технологические компании от судебных исков за размещение, удаление или иное модерирование пользовательского контента.

Кроме того, Трамп выразил недовольство тем, что сенат не принял законопроект об увеличении прямых выплат американцам с $600 до $2 тыс. по стимулированию национальной экономики в условиях пандемии.

Оборонный бюджет Трамп считает «подарком Китаю и России», так как он предусматривает санкции против российских газовых проектов «Северный поток — 2» и «Турецкий поток». Несмотря на недовольство главы государства, конгрессмены приняли оборонный бюджет в изначальном виде."
49,"Народный артист СССР Олег Басилашвили был госпитализирован с коронавирусом в больницу №40 Курортного района Санкт-Петербурга. У 86-летнего актёра диагностирована хроническая болезнь лёгких, но, по словам дочери, его состояние не вызывает опасений.

Басилашвили известен своими ролями в таких фильмах, как «Служебный роман», «Вокзал для двоих» и «Осенний марафон». В июне 2020 года актриса Алиса Фрейндлих, сыгравшая с ним в «Служебном романе», сообщала о слабости в районе сердца. В конце 2020 года она была госпитализирована с поражением лёгких около 36%, позднее СМИ сообщали о 80% поражения.

В октябре 2020 года руководство БДТ перенесло премьеру спектакля «Джульетта» из-за коронавируса, диагностированного у одного из актёров. Позднее ещё два актёра БДТ сдали положительные тесты на коронавирус, из-за чего были перенесены три спектакля."
50,"В Джорджии продолжается подсчёт голосов по итогам второго тура выборов в сенат. После обработки 98% бюллетеней лидируют демократы Джон Оссофф и Рафаэль Уорнок, они получают 50,2% и 50,6% голосов соответственно. Кандидаты от Республиканской партии Келли Леффлер и Дэвид Пердью набирают 49,4% и 49,8%.

Если демократам удастся получить оба места в сенате от Джорджии, они получат большинство в верхней палате конгресса США. Это позволит им беспрепятственно реализовывать свои планы после избрания Джо Байдена президентом. В противном случае Байден может столкнуться с сопротивлением со стороны сената.

Дональд Трамп отказывается признавать итоги выборов, обвиняя демократов в фальсификациях."
51,"К сожалению, я не могу ничего сказать об этом. Давайте сменим тему?"
52,"Актёр Дмитрий Карасев скончался в своей квартире в центре Москвы. По предварительной информации, причиной смерти стала сердечная недостаточность. 

За свою карьеру Карасев сыграл более 50 ролей в фильмах и сериалах, в том числе в таких картинах, как «Московская любовь», «Русская рулетка», «Стрингер».

В конце прошлого года на канале «Россия 1» вышел исторический сериал «Грозный», где Карасев сыграл небольшую роль Князя Горбатого.

Артист также служил в Театре имени Маяковского и в «Ленкоме», где играл главные роли в нескольких спектаклях. В 2004 году Карасев дебютировал в качестве режиссёра, поставив спектакль «Белый рыцарь».

Последней работой артиста стал фильм Глеба Панфилова «Один день Ивана Денисовича», съёмки которого прошли в 2020 году."
53,"Официальный представитель МИД РФ Мария Захарова сообщила, что задержанных в Южном Судане россиян отпустили. Среди них были блогер Илья Варламов и издатель «Медиазоны» Пётр Верзилов. По словам Варламова, им помог друг сына президента Южного Судана.

Варламов рассказал, что их задержали из-за отсутствия разрешения на съёмку с беспилотника. В отделении им грозили приходом военных, но позже принесли еду и сигареты.

По мнению старшего научного сотрудника Института Африки РАН Станислава Мезенцева, инцидент мог быть связан с подготовкой Уганды к президентским выборам. Мезенцев отметил, что в африканских странах нужно согласование с местным минобороны и минавиации на ввоз и использование дронов."
54,"Президент России Владимир Путин заявил, что со следующего понедельника начнётся массовая вакцинация людей от коронавируса. Вакцинация будет проводиться по графику, аналогичному графику вакцинации от гриппа.

Вице-премьер Татьяна Голикова сообщила, что со следующей недели российские ведомства готовы перейти к широкомасштабной вакцинации. Она также отметила, что до конца января поступит 2,1 миллиона доз вакцины.

Президент Международной ассоциации специалистов в области инфекций Ирина Шестакова заявила, что остановить пандемию коронавирусной инфекции можно только при вакцинации 75% населения в максимально сжатые сроки.

Российский фонд прямых инвестиций сообщил, что в мире больше 1,5 миллиона человек привились от коронавируса российской вакциной «Спутник V».

В своём новогоднем обращении президент России Владимир Путин выразил надежду, что в 2021 году получится восстановить нормальную жизнь. Он подчеркнул, что эпидемия COVID-19 пока ещё полностью не отступила, но борьба с ней не прекращается ни на минуту."
55,"К сожалению, я не могу ничего сказать об этом. Давайте сменим тему?"
56,"К сожалению, я не могу ничего сказать об этом. Давайте сменим тему?"
57,"К сожалению, я не могу ничего сказать об этом. Давайте сменим тему?"
58,"За минувшие сутки в Московском регионе выпало 3/4 от месячной нормы осадков. Из-за сильного снегопада и ветра в Москве и области возникли проблемы с транспортом. Коммунальные службы работают в усиленном режиме, но уже вывезли с московских улиц около 1,1 млн кубометров снега. Сотрудники МЧС за прошедшую ночь вытянули из снежных ловушек на дорогах Москвы и области 180 большегрузных фур. В соседних регионах — в Калужской, Тульской и Владимирской областях — высота снежного покрова превысила 70-сантиметровый уровень. На юге России в Сочи из-за снега с дождём и сильного ветра не смогли сесть десять самолётов. На следующей неделе в столицу придут «сретенские морозы» до -27°."
59,"Правительство сформировало новый пакет мер по поддержке малого, среднего и крупного бизнеса, направленный на сохранение рабочих мест. В планах правительства перезапустить программу кредитования бизнеса «ФОТ 0» и дополнительно снизить стоимость льготных кредитов для МСП. Также правительство планирует списать задолженность по налогам и страховым взносам предприятиям из отраслей, восстанавливающихся медленнее других.

Эти меры направлены на поддержание занятости населения и сохранение рабочих мест, что важно для предотвращения роста безработицы. Предприниматели считают, что поддержка важна, но бизнес лучше знает, сколько сотрудников ему нужно для сохранения и роста."
60,"К сожалению, я не могу ничего сказать об этом. Давайте сменим тему?"
61,"Антимонопольные регуляторы Китая планируют оштрафовать компанию Alibaba за нарушение антимонопольного законодательства. Размер взыскания может составить более 975 млн долларов. Регулятор требует от компании отказаться от доминирующего положения на рынке и не вытеснять конкурентов. Также регулятор намерен заставить Джека Ма, основателя Alibaba, отказаться от ряда активов и дистанцироваться от корпорации.

Alibaba является одним из самых успешных маркетплейсов в мире, её чистая прибыль по итогам прошедшего финансового года составила около 20 млрд долларов. Wall Street Journal считает, что корпорации Джека Ма будет проще откупиться от регулятора.

Эксперт отметил, что государствам, в том числе России, не выгодно наличие крупных маркетплейсов, так как они монополизируют отрасли и устанавливают свои правила игры на рынке."
62,"Восточный военный округ России успешно выполнил все задачи в 2020 году, обеспечивая защиту дальневосточных границ. Система противовоздушной обороны округа была усовершенствована, и новые зенитные ракетные комплексы С-300В4 и С-400, а также высотные истребители-перехватчики МиГ-31БМ были размещены на Курильских островах, Сахалине и Чукотке.

Запуск двух баллистических ракет малой дальности со стороны Северной Кореи в сторону Японского моря вызвал обеспокоенность в Японии и Южной Корее. Япония выразила протест и призвала к усилению мониторинга и наблюдения в регионе. Южная Корея также выразила озабоченность и предупредила о готовности к возможным дополнительным запускам ракет.

Пресс-секретарь президента России Дмитрий Песков заявил, что ракетные пуски КНДР не представляют угрозы для РФ, но военное командование следит за ситуацией."
63,"На церемонии Bafta Games Awards 2021, прошедшей в онлайн-режиме, экшен-адвенчура Hades была признана лучшей игрой года. Игра от небольшой американской студии Supergiant Games получила награды в пяти номинациях. 

Соперниками Hades в борьбе за звание лучшей игры года стали такие крупные проекты, как Animal Crossing: New Horizons, Ghost of Tsushima, Half-life: Alyx, Marvel's Spider-Man: Miles Morales и The Last of Us Part II.

Сиквел истории о приключениях Джоэла и Элли, The Last of Us Part II, стал лидером по количеству номинаций (13), но получил всего три награды.

В своей речи ведущая церемонии отметила важную роль игр во время пандемии. Две награды забрала себе игра Animal Crossing: New Horizons — проект Nintendo, который у многих игроков стал ассоциироваться с локдауном и самоизоляцией."
64,"К сожалению, я не могу ничего сказать об этом. Давайте сменим тему?"
65,"К сожалению, я не могу ничего сказать об этом. Давайте сменим тему?"
66,"К сожалению, я не могу ничего сказать об этом. Давайте сменим тему?"
67,"У 34% пациентов, переболевших коронавирусом, в течение полугода после выздоровления наблюдаются симптомы психических расстройств. Наиболее распространёнными диагнозами стали тревожность и расстройство личности.

Риск развития психических расстройств после коронавируса на 44% выше, чем после гриппа или другой респираторной инфекции. У одного из 50 пациентов после COVID-19 случается инсульт.

Причиной психических расстройств может быть иммунная реакция организма на вирус или психологические факторы, такие как социальная изоляция и опасения по поводу заражения других.

Многие переболевшие жалуются на бессонницу, короткий сон по несколько часов и пробуждения под утро. Лечить возникшие после коронавируса психические расстройства необходимо со специалистом."
68,"По данным Росстата, в России 17,8 млн человек живут за чертой бедности. Это 12,1% населения. В конце 2020 года среднедушевые доходы выросли более чем на 20%. Программы социальной поддержки помогли снизить количество бедных.

Счётная палата проанализировала меры по борьбе с бедностью и пришла к выводу, что государственная политика не имеет доказательной базы, а меры поддержки распределяются недостаточно точно.

Национальные цели по снижению бедности вдвое были поставлены президентом в 2014 году. Предполагалось, что бедность будет снижена до 2024 года, но в прошлом году сроки перенесли на 2030 год."
69,"Физики из Иллинойского университета в Чикаго выяснили, что при выстреле в упор в сторону стрелявшего летят брызги крови — так называемые встречные брызги. 

Однако новые эксперименты показали, что в реальности дело обстоит сложнее: в игру вступают гравитация и аэродинамическое сопротивление, а также дульные газы, которые направляют пулю вперёд и при выстреле вылетают из ствола на большой скорости, образуя турбулентные вихревые кольца.

Под воздействием дульных газов брызги крови расщепляются на более мелкие, что может затруднить работу судмедэкспертов на месте преступления. Эти выводы могут иметь значение для криминалистики во всём мире."
70,"Информационное моделирование (BIM) решает проблемы обработки и хранения информации в проектно-строительной и инфраструктурной деятельности. В России понятие информационного моделирования впервые было закреплено в Градостроительном кодексе в 2019 году. С 2024 года BIM в России станет обязательным для всех объектов госзаказа.

Технология информационного моделирования активно внедряется в транспортное строительство группой компаний «Моспроект-3». BIM-технологии позволяют создавать детализированные графики календарно-сетевого планирования, определять точные объёмы и сроки поставки материалов и оборудования на строительную площадку.

На государственном уровне отмечен вклад «Моспроект-3» в разработку целого ряда технологичных проектов транспортной инфраструктуры. Общий уровень внедрения BIM-технологий в России относительно невысок, но эксперты солидарны в том, что популярность технологии BIM обречена стать прорывной."
71,"Ритейлеры сообщают о возможном росте цен на крупы с марта-апреля на 7,5–15%. Коммерческие директора гастрономов «Красный Яр» и «Командор» подтверждают тенденцию к росту стоимости круп. 

Причины повышения цен различны: неурожай, дефицит, рост затрат на производство. Часть гречихи уже продана, и производители вынуждены учитывать в оптовых ценах выросшие затраты на удобрения, хранение и прочее. 

Правительство приступило к ручному регулированию продуктовых цен после недовольства президента России Владимира Путина. Минсельхоз намерен сбалансировать предложение по крупам с помощью ввода дополнительных посевных площадей. Объёмы производства крупяных культур в России достаточны для удовлетворения спроса."
72,"Президент России Владимир Путин в телефонном разговоре с премьер-министром Индии Нарендрой Моди сообщил о предоставлении республике экстренной гуманитарной помощи в виде медицинского оборудования и лекарственных препаратов для борьбы с коронавирусом.

Моди выразил благодарность за содействие, а также приветствовал регистрацию в Индии российской вакцины «Спутник V» и договоренность о её производстве.

Кроме того, лидеры стран договорились о запуске нового формата диалога «2+2» и о поддержке Россией председательства Индии в БРИКС в 2021 году."
73,"К сожалению, я не могу ничего сказать об этом. Давайте сменим тему?"
74,"Всемирная организация здравоохранения одобрила китайскую вакцину Sinopharm против Covid-19 для экстренного использования. Это первая китайская вакцина, классифицированная ВОЗ как безопасная и эффективная.

Вакцина предназначена для двухдозового введения всем взрослым в возрасте 18 лет и старше. Её эффективность в клинических испытаниях составила 78,1% после введения двух доз.

Эксперты указывают, что пока неизвестно, насколько хорошо вакцина будет работать против множества вариантов коронавируса. На следующей неделе ВОЗ рассмотрит вопрос о ещё одной китайской вакцине, созданной компанией Sinovac. Появление двух китайских вакцин может изменить ситуацию с пандемией в ближайшие несколько месяцев."
75,"В США выпущен указ президента об обеспечении кибербезопасности. Он призван защитить федеральные компьютерные системы от вторжений хакеров и повысить уровень кибербезопасности в стране.

Указ содержит инициативы, которые помогут устранить барьеры между государством и бизнесом в сфере оповещения о киберугрозах. Планируется внедрить более мощные и актуальные стандарты кибербезопасности, установить контроль над программным обеспечением, которым пользуется правительство, и создать Совет по кибербезопасности.

Эти меры направлены на координацию служб информационной безопасности из разных отраслей экономики, между государством и бизнесом. По мнению экспертов, они могут значительно повысить уровень защищённости систем."
76,"Минсельхоз заявил о стабильности цен на сахар, так как все участники выполняют условия соглашений о предельных отпускных и розничных ценах. Этому также будут способствовать квота на импорт с пониженной ставкой пошлины и расширение посевных площадей под сахарной свёклой.

Минсельхоз планирует рекомендовать заводам в первую очередь продавать сахар торговым сетям. Правительство вводит новую меру поддержки — субсидии на производство и поставку сахара.

Ранее были утверждены соглашения о стабилизации цен на сахар и подсолнечное масло до 1 июня и 1 октября 2021 года соответственно. Дальнейшее продление соглашений не планируется."
77,"К сожалению, я не могу ничего сказать об этом. Давайте сменим тему?"
78,"Участковый уполномоченный полиции в посёлке Провидения на Чукотке незаконно сажал людей в металлическую клетку и избивал задержанных. По данным Следственного управления СК России по Чукотскому автономному округу, в сентябре 2020 года участковый избил и запер в клетке 21-летнюю девушку.

Сотрудника подозревают в превышении должностных полномочий, совершённом с применением насилия и причинением тяжких последствий. Полицейскому может грозить от трёх до десяти лет лишения свободы.

Ранее прокуратура сообщила, что двое экс-полицейских предстанут перед судом за избиение двух жителей посёлка Провидения. Силовики пытались заставить граждан сознаться в краже телефона."
79,"К сожалению, я не могу ничего сказать об этом. Давайте сменим тему?"
80,"К сожалению, я не могу ничего сказать об этом. Давайте сменим тему?"
81,"К сожалению, я не могу ничего сказать об этом. Давайте сменим тему?"
82,"К сожалению, я не могу ничего сказать об этом. Давайте сменим тему?"
83,"После Второй мировой войны военные парады были обязательным атрибутом стран-победительниц. Они проводились в честь победы над нацистской Германией и её союзниками. Парады состоялись в разных городах и странах, включая Берлин, Лондон, Париж и другие.

В парадах участвовали войска СССР, США, Великобритании, Франции и других стран. Командовали войсками прославленные военачальники союзных войск. Парады сопровождались музыкой, песнями, танцами и другими мероприятиями.

Лондонский парад 1946 года стал одним из самых известных. В нём приняли участие военные разных стран, в том числе Австралии. Однако на параде не было военнослужащих Польши, СССР и Югославии из-за ухудшения отношений между этими странами и Великобританией."
84,"К сожалению, я не могу ничего сказать об этом. Давайте сменим тему?"
85,"Уполномоченный по правам человека в РФ Татьяна Москалькова сообщила о большом количестве жалоб на дискриминацию непривитых россиян.

По её словам, в некоторых компаниях непривитым сотрудникам отказывают в летнем отпуске и премии, а непривитых сотрудников администрации Краснодара до конца года будут лишать премий и надбавок.

Омбудсмен считает, что идея массовой вакцинации правильная, но используемые при этом механизмы порождают массовый психоз и боязнь людей принуждения.

Москалькова также отметила, что необходимо предоставить преференции тем, кто не может привиться по медицинским показаниям, а остальные должны сделать выбор: либо принять условия и привиться, либо перейти на другую работу.

Сама чиновница уже прошла вакцинацию, объяснив это желанием быть уверенной, что она не является носителем заболевания."
86,"ВОЗ выявила шесть нарушений на предприятии «Фармстандарт-УфаВИТА» в ходе проверки. Замечания касались идентификации и отслеживания партий вакцины и лекарственных компонентов, работы операторов на линии, программы экологического мониторинга и проверки стерильности фильтрации вакцины. 

До инспекции ВОЗ на предприятии прошли внеплановые проверки, и сейчас ведётся работа по устранению замечаний. В Минпромторге заявили, что система проверки препарата многоступенчатая, и любые отклонения вакцины от нормы строго контролируются. 

Пресс-секретарь президента Дмитрий Песков отметил, что российские надзорные органы осуществляют «самый жёсткий» контроль, и все нарекания со стороны инспекционной группы уже исправлены."
87,"Российское правительство намерено снизить цены на фрукты и овощи, восстановив железнодорожные грузоперевозки с Узбекистаном. Для этого планируется запустить рефрижераторные контейнерные поезда «Агроэкспресс».

Проект поможет нарастить взаимные поставки сельскохозяйственной продукции и упростить логистику. В Минэкономразвития рассчитывают, что проект заработает уже в этом году.

Маршрут транспортировки продукции АПК будет пролегать от станций Чукурсай и Сергели в Узбекистане до подмосковной станции Селятино через Казахстан.

Если проект докажет свою эффективность, фруктово-овощные маршруты проработают и в других направлениях. Узбекистан будет получать мясную и мукомольную продукцию.

Эксперты отмечают, что запуск «Агроэкспресса» не сможет снизить цены на овощи и фрукты этим летом из-за высокой стоимости перевозки и сложностей с формированием крупных партий товаров."
88,"К сожалению, я не могу ничего сказать об этом. Давайте сменим тему?"
89,"В Литве объявлено чрезвычайное положение из-за увеличения потока мигрантов из Белоруссии. Власти страны утверждают, что это необходимо для более эффективного реагирования на логистические и финансовые проблемы.

Литва усилила охрану границы с Белоруссией и привлекла сотрудников Frontex. Глава МВД Литвы Агне Билотайте считает, что необходимо установить системы наблюдения на всём протяжении границы.

Глава МИД Литвы Габриэлюс Ландсбергис обвинил власти Белоруссии в «гибридной атаке» на границы страны. Он считает, что Минск таким образом отвечает на санкции Евросоюза.

Представитель Службы охраны госграницы Литвы Гедрюс Мишутис сообщил, что белорусские власти не помогают в расследовании случаев проникновения в Литву нелегальных мигрантов. За 2021 год на границе с Белоруссией задержали более 500 нарушителей границы."
90,"Мошенники вновь попытались обмануть ветерана Великой Отечественной войны Василия Пронина. На этот раз они требовали оплатить штраф за просроченную аренду банковской ячейки и связаться с «судебным приставом». Пронин прервал разговор и обратился в правоохранительные органы. Возбуждено уголовное дело, злоумышленников разыскивает полиция.

Ранее неизвестные обманом вынудили ветерана снять с личного счёта в банке 400 тысяч рублей и передать деньги их помощнику. Подозреваемые были задержаны, им грозит до 1,5 лет лишения свободы."
91,"За семь лет расходы правительства на культуру выросли и составили 610 млрд рублей. При этом расходы в доле ВВП остаются недостаточными, так как увеличиваются и другие статьи бюджета.

Более 8,5 тысяч объектов культуры в России нуждаются в ремонте или находятся в аварийном состоянии. Аудиторы отмечают, что темпы ремонтных работ недостаточны.

Неравномерность распределения культурных учреждений и услуг по регионам также вызывает обеспокоенность.

Культура впервые вошла в перечень показателей эффективности деятельности высших должностных лиц субъектов РФ.

Деятели культуры высказываются за увеличение госрасходов, но кардинальных изменений в госполитике не ждут.

Первый зампред комитета Госдумы по культуре Елена Драпеко считает, что необходимо тратить на культуру не менее 4% ВВП.

Директор искусствовед и бизнесвумен Ольга Свиблова считает, что властям следует больше вкладывать в образование и здравоохранение.

Первый зампред комитета Госдумы по государственному строительству и законодательству Михаил Емельянов считает, что правительство недооценивает значимость культуры."
92,"На западе Германии произошло разрушительное наводнение, в результате которого погибли 133 человека. Особенно пострадали земли Северный Рейн — Вестфалия и Рейнланд-Пфальц. Причиной стали ливневые дожди, которые привели к разливу рек. Многие дома были разрушены, жители эвакуированы. 

Размер ущерба от наводнения пока трудно оценить. Несколько десятков жителей числятся пропавшими без вести. Премьер-министр федеральной земли Рейнланд-Пфальц считает, что потеря связи со многими гражданами произошла из-за сбоев в работе сотовой сети.

Зоны наводнения намерена посетить канцлер Германии Ангела Меркель. Федеральное правительство окажет как краткосрочную, так и долгосрочную помощь всем пострадавшим. Введён режим военной катастрофы, и на борьбу со стихией направлены около 850 военнослужащих Германии."
93,"К сожалению, я не могу ничего сказать об этом. Давайте сменим тему?"
94,"Самолёт Boeing-737 авиакомпании «Якутия» с 162 пассажирами и 7 членами экипажа на борту совершил экстренную посадку в аэропорту Симферополя из-за вибрации двигателя.

По словам представителя авиакомпании, самолёт уже поставлен на колодки.

Борт проверили технические специалисты, и к вечеру 27 июля стало известно, что он должен вылететь обратно до полуночи.

Накануне, 26 июля, пассажирский самолёт Boeing-737 авиакомпании Belavia, следовавший из Минска в Анталью, приземлился в Москве с одним выключенным двигателем.

Также 26 июля у самолёта Airbus A320 «Уральских авиалиний», летевшего в Екатеринбург из Минеральных Вод, отказал автопилот, но пилоту удалось посадить самолёт вручную."
95,"Умм Джирсан — лавовая трубка в Саудовской Аравии, которая образовалась после извержения вулкана тысячи лет назад. В 2007 году учёные обнаружили в ней останки 40 видов животных и фрагменты трёх человеческих черепов. Радиоуглеродное датирование показало, что возраст некоторых костей составляет до 7000 лет.

Учёные считают, что пещера была пристанищем гиен, которые стаскивали туда свою добычу. Гиены питаются практически всем, включая падаль. Они способны переваривать те части туши, которые не могут переварить большинство животных.

Гиены разрывали тела мелких животных и переносили их в пещеру целиком, а более крупных — на части. Вероятно, именно так в пещере оказались черепа. Учёные надеются собрать генетические данные найденных животных и провести изотопный анализ зубов."
96,"Исполнительный директор Роскосмоса по пилотируемым космическим программам Сергей Крикалёв сообщил, что нештатное включение двигателей модуля «Наука» после стыковки с МКС было вызвано срабатыванием системы безопасности.

По его словам, инцидент не нанёс видимых повреждений МКС, но последствия могут проявиться в будущем. Роскосмос не будет привлекать зарубежных специалистов к расследованию ситуации с «Наукой».

Специалисты определят, откуда взялся болт, вылетевший из модуля «Наука», когда космонавты открыли люк. Крикалёв заверил, что такие болты не представляют опасности для МКС.

Модуль «Наука» предназначен для реализации российской программы научно-прикладных исследований и экспериментов. Благодаря ему появится дополнительная каюта для космонавта.

Второй испытательный полёт в беспилотном режиме космического корабля Starliner отложен из-за инцидента с «Наукой», но в Роскосмосе считают, что обвинения в адрес российской стороны несправедливы."
97,"Компания Wildberries сообщила, что иностранные платёжные системы оказывают давление на российские банки из-за решения о взимании комиссий. По данным источника, сумма штрафа может составлять 25 тысяч долларов.

Wildberries считает, что это недобросовестная конкуренция и попытка воспользоваться доминирующим положением на рынке. Компания утверждает, что не вводила дополнительных комиссий.

Visa и Mastercard выразили обеспокоенность ситуацией и заявили, что работают над её урегулированием. По информации от источников, Visa направила в банки-эквайеры письма с просьбой расследовать ситуацию с возможным завышением комиссий.

Представитель Федеральной антимонопольной службы заявил, что у регулятора пока нет данных о доминирующем положении компании Wildberries на рынке."
98,"85,4% медицинских работников, привлечённых к вакцинации от коронавируса, испытывают перегрузки на работе. 66,6% из них отметили снижение качества медпомощи на фоне прививочной кампании.

В начале прошлого года в России не хватало более 100 тысяч представителей среднего медицинского персонала и 50 тысяч врачей. В некоторых регионах дефицит кадров доходил до 20%.

Многие сотрудники учреждений здравоохранения совмещают по несколько ставок, что также влияет на нагрузку персонала. Нехватка кадров острее ощущается в сельских местностях.

Вопрос кадрового дефицита наиболее остро стоит в сельской местности, но на перегруз жалуются и московские медработники. Самое сложное — вносить данные пациентов в базу. Вакцинация не освобождает от плановой работы, и медперсонал жалуется на «кошмарные» перегрузки."
99,"В Свердловской области природный пожар охватил площадь в 240 га и приблизился к двум базам отдыха и садовому товариществу «Мирный». Власти рекомендовали садоводам и туристам покинуть территорию, была организована эвакуация."