,yagpt_predictions
0,"- Постоянно включенный Bluetooth на смартфоне может привести к быстрой разрядке аккумулятора и серьезным проблемам.
- Хакеры могут использовать Bluetooth для взлома электронных устройств, включая смартфоны.
- Взлом Bluetooth может угрожать безопасности хранящейся на устройстве информации.
- Эксперт рекомендует отключать Bluetooth, когда он не используется.
- Bluetooth может быть использован для взлома смартфонов, кражи личных данных и прослушивания телефонных разговоров.
- Злоумышленники могут перехватывать передаваемые данные через Bluetooth и вносить изменения.
- Bluetooth также может быть использован для слежки за покупателями и создания шопинг-портретов.
- Отключение Bluetooth может помочь предотвратить атаки и обеспечить безопасность телефона и его владельца."
1,"К сожалению, я не могу ничего сказать об этом. Давайте сменим тему?"
2,"К сожалению, я не могу ничего сказать об этом. Давайте сменим тему?"
3,"- Член президиума координационного совета оппозиции Белоруссии Мария Колесникова находится в следственном изоляторе.
- Ее защита сообщила, что она пытается попасть в СИЗО и разобраться в ситуации.
- Колесникову поместили в СИЗО №1 в Минске, и ее отец подтвердил эту информацию.
- Адвокат Колесниковой считает, что она может быть подозреваемой в уголовном деле.
- Координационный совет был создан по инициативе Светланы Тихановской, которая победила на выборах главы государства.
- Белорусская генпрокуратура считает деятельность совета вне закона.
- Колесникова пыталась покинуть страну вместе с другими оппозиционерами, но ее паспорт был порван.
- Из семи членов президиума на свободе остается только Светлана Алексиевич, которая заявила, что совет не готовил переворота."
4,"- Аналитики Deutsche Bank предсказали наступление новой глобальной эпохи беспорядка в 2020 году.
- Глобализация заканчивается, наступает ""век беспорядка"".
- Новая эпоха будет характеризоваться возвышением экономики Китая над США, усилением ""вертолетных денег"" и сменой поколений.
- Между США и Китаем будет нарастать ""холодная война"" по мере увеличения экономического веса Китая.
- Китай может обогнать США по ВВП к 2030 году, что приведет к эффекту ""ловушки Фукидида"".
- Экономический конфликт между США и Китаем может привести к формированию страновых блоков.
- Пандемия придала новый импульс дезинтеграционным процессам.
- Продолжится наращивание глобального долга и усиление ""вертолетных денег"".
- Укрепление поколения миллениалов и молодых поколений приведет к ужесточению конкуренции.
- Беспорядок будет определять новую эпоху в течение ближайшего десятилетия.
- Эксперты Deutsche Bank считают, что новая эпоха принесет масштабные интервенции и ликвидность."
5,"- ГИБДД и Минтранс разработали масштабный проект изменений в правила дорожного движения.
- Поменяются правила тонировки автомобилей, лимит пропускаемости света лобовым стеклом уменьшится с 75% до 70%.
- В машину можно брать любые аптечку, огнетушитель и аварийный знак, параметры их не имеют конкретного госстандарта.
- Отдельный блок поправок в ПДД касается средств индивидуальной мобильности (СИМ), дети младше 7 лет могут использовать их только в сопровождении взрослых.
- Подросткам до 14 лет разрешат кататься на СИМ без сопровождения, а тем, кто старше - использовать велодорожки и тротуары.
- На всех подобных средствах передвижения будет официально запрещено ездить в состоянии алкогольного опьянения.
- Изменения в ПДД касаются в первую очередь пространства для передвижения на электросамокатах и гироскутерах.
- Предлагается ввести новые дорожные знаки и технические требования для электроскутеров и сегвеев."
6,"К сожалению, я не могу ничего сказать об этом. Давайте сменим тему?"
7,"К сожалению, я не могу ничего сказать об этом. Давайте сменим тему?"
8,"К сожалению, я не могу ничего сказать об этом. Давайте сменим тему?"
9,"К сожалению, я не могу ничего сказать об этом. Давайте сменим тему?"
10,"- Глава Tesla Илон Маск анонсировал вывод на рынок бюджетного электрокара стоимостью $25 тыс.
- Запас хода электромобилей увеличится на 16% благодаря новым аккумуляторам ""4860"".
- Tesla получит новую систему автономного управления - автопилот пятого уровня.
- Серийная Tesla по цене $25 тыс. будет представлена в 2023 году.
- В России спрос на электрокары растет, но отсутствие необходимой инфраструктуры затрудняет продажи.
- Планируется производство до 20 млн электрокаров в год к 2030 году."
11,"- Правительство Польши планирует закрыть угольные шахты к 2049 году, что является единственным членом ЕС, не взявшим на себя обязательства по углеродно-нейтральному производству.
- Китай объявил о намерении достичь углеродной нейтральности к 2060 году, а Евросоюз планирует сократить выбросы парниковых газов на 55% к 2030 году.
- Си Цзиньпин призвал международное сообщество принять решительные шаги для выполнения Парижского соглашения по климату и продолжить усилия по ограничению глобального потепления.
- США официально покинут Парижское соглашение 4 ноября, обвиняя его в излишних ограничениях и подрыве американской экономики.
- Гутерриш отодвинул климатические вопросы на второй план после объявления Трампа о выходе из Парижского соглашения.
- Трамп использовал тему загрязнения атмосферы для упрека в адрес Китая, обвиняя их в игнорировании экологических показателей США.
- Объявление Китая о достижении углеродной нейтральности стало стратегическим ходом в противостоянии с Вашингтоном."
12,"- В Оренбурге девятилетняя девочка скончалась после стоматологической операции из-за проблем с удалением сверхкомплектного зуба.
- Операция была отложена из-за пандемии коронавируса, но была проведена 24 сентября.
- Девочка была экстренно переведена в реанимацию после операции, но врачи не смогли спасти ее жизнь.
- Родители ребенка обратились в полицию и прокуратуру, и следователи возбудили уголовное дело.
- В настоящее время проводится экспертиза для установления причин смерти.
- Прокуратура работает над соблюдением больницей всех стандартов и требований.
- Ранее, в Пензе, врач, из-за ошибки которого скончался шестилетний мальчик, был осужден на полтора года ограничения свободы.
- Вина в смерти мальчика была возложена на заведующего травмпунктом, который недооценил тяжесть травмы и не провел детальную диагностику."
13,"К сожалению, я не могу ничего сказать об этом. Давайте сменим тему?"
14,"- CD Projekt Red установила обязательную шестидневную рабочую неделю для сотрудников.
- Новые правила будут действовать до релиза Cyberpunk 2077, назначенного на 19 ноября.
- Игра должна была выйти в апреле, но была перенесена на сентябрь, а затем на ноябрь.
- CD Projekt Red объяснила необходимость дополнительного времени на оптимизацию и устранение багов.
- Студия решила отказаться от переноса и использовать кранчи для ускорения работы над игрой.
- Cyberpunk 2077 - новая экшн-RPG с тремя сценариями и влиянием выбора персонажа на геймплей.
- Игра будет выпущена на ПК, PlayStation 4 и Xbox One, с возможностью переноса на PlayStation 5 и Xbox Series X."
15,"- В Москве переход на дистанционную работу для некоторых сотрудников с 5 октября станет обязательным.
- Работодатели должны перевести на удаленку не менее 30% сотрудников, а также всех старше 65 лет и страдающих хроническими заболеваниями.
- Исключение составляют критически важные сотрудники и медицинские организации.
- Заболеваемость коронавирусом продолжает расти, выявляют более 2000"
16,"- Минфин занял 1,24 трлн рублей на рынке ОФЗ в третьем квартале.
- Ведомство решило занять дополнительную сумму из-за спроса со стороны институциональных инвесторов.
- Минфин не смог продать долгосрочные ОФЗ от 10 лет на сумму 200 млрд рублей.
- Заимствования через ОФЗ являются инструментом дофинансирования бюджетного дефицита.
- Эксперты расходятся в оценках причин превышения плана по заимствованиям на четверть.
- Минфин может предвидеть сложности с размещением ОФЗ в четвертом квартале.
- В последнем квартале этого года ведомство не сможет разместить долгосрочные облигации от 10 лет.
- Российские банки выкупили сверх плана объем облигаций, оставив частных инвесторов не у дел."
17,"- Телеведущий Борис Корчевников подтвердил слухи о проблемах со слухом после операции по удалению опухоли мозга в 2015 году.
- Корчевников рассказал о своей неудачной попытке пригласить Игоря Крутого на свою передачу ""Судьба человека"".
- Крутой поделился подробностями своей личной жизни, включая смерть отца от рака слюнной железы и разрыв с женой из-за материальных трудностей.
- Слухи о проблемах Корчевникова вызвали опасения о рецидиве опухоли мозга, но концертный директор опроверг эти слухи.
- Промоутер Евгения Морозова рассказала о готовности Корчевникова к работе и его желании подработать."
18,"- Летнее тепло в центральной части России продлится до среды, благодаря антициклону.
- Температура в регионе составит от +17 до +22°C, ночью похолодает до +6…+11°C.
- Ветер ожидается южный, атмосферное давление будет повышенным.
- В среду на небе появятся облака, пройдут дожди, дневная температура снизится до +13…+18°C.
- На выходных будет сухо и солнечно, температура сохранится до начала следующей недели.
- Сухой и теплой будет первая половина октября, затем начнется резкое похолодание.
- На следующей неделе на европейской части России сохранится бабье лето, но затем начнется резкое похолодание.
- Октябрь в целом будет холоднее, чем год назад, но на северо-западе страны и на юге Сибири будет теплее нормы."
19,"- Артист Молодежного театра Ринат Кафиятуллин утонул в бассейне фитнес-клуба в Москве.
- Трагедия произошла 7 октября, мужчина почувствовал себя плохо и начал тонуть.
- Сотрудники клуба пытались оказать помощь, но Кафиятуллин скончался до прибытия скорой.
- Личность погибшего не уточняется, но, возможно, это 26-летний Кафиятуллин.
- Начата доследственная проверка, следователи устанавливают причину и дают правовую оценку действиям фитнес-центра.
- Директор спортивного клуба сообщил, что у погибшего было генетическое заболевание и опухоль головного мозга.
- Представители Молодежного театра назвали Кафиятуллина хорошим артистом со слабым здоровьем.
- Telegram-канал Life Shot утверждает, что у Кафиятуллина был синдром Melas."
20,"- Образовательный процесс в московских школах меняется из-за эпидемии коронавируса.
- Мэр Москвы Сергей Собянин заявил о росте заболеваемости коронавирусом в городе.
- Двухнедельные каникулы для школьников снизили заболеваемость COVID-19 на 8%.
- Ученики 1-5 классов будут продолжать ходить в школу, транспортные карты для них будут разблокированы.
- Учащиеся средней и старшей школы переходят на дистанционный режим на ближайшие две недели.
- Учреждения дополнительного образования и негосударственные учреждения также переходят на дистанционный режим.
- Студенты и выпускники педагогических вузов будут временно приглашены в школы для проведения уроков.
- Опытные учителя будут помогать тьюторам и контролировать учебный процесс дистанционно."
21,"К сожалению, я не могу ничего сказать об этом. Давайте сменим тему?"
22,"К сожалению, я не могу ничего сказать об этом. Давайте сменим тему?"
23,"- Маска до 23 раз уменьшает объем облака микрокапель при кашле.
- Исследователи из Индийского технологического института в Мумбаи выяснили, что маски снижают объем загрязненного воздуха.
- Маска N95 снижает выброс в 23 раза, хирургическая - в 7 раз.
- Минимизация расстояния, пройденного облаком, снижает риск заражения.
- Модель, основанная на измерениях кашля, может быть расширена для случаев чихания.
- Экспериментальная лазерная установка из Университета Дьюка показала, что маска N95 наиболее эффективна.
- Банданы оказались менее эффективными, чем специализированные маски, но безопаснее, чем их отсутствие."
24,"- Против блогера Mellstroy возбуждено дело по статье 116 УК РФ ""Побои"" после избиения модели Алены Ефремовой.
- Блогеру грозит до двух лет лишения свободы, избрана подписка о невыезде.
- Mellstroy признал свою вину и извинился перед моделью.
- Инцидент произошел во время прямой трансляции, где Ефремовa пропагандировала употребление наркотиков.
- Ефремова получила перелом челюсти и другие травмы.
- Блогер Mellstroy ранее был заблокирован на YouTube из-за скандала."
25,"- Всероссийский центр изучения общественного мнения опубликовал итоги опроса о лучших отечественных эстрадных исполнителях 2020 года.
- В голосовании приняли участие 1600 россиян, и Филипп Киркоров был признан лучшим певцом российской эстрады с 9% голосов.
- Николай Басков и Сергей Лазарев также вошли в топ-3 лучших певцов российской эстрады.
- Полина Гагарина стала лидером народного рейтинга среди певиц с 12% голосов.
- Алла Пугачева и Валерия заняли второе и третье места соответственно, набрав по 7% голосов.
- Светлана Лобода, Лариса Долина, София Ротару, Ани Лорак, Елена Ваенга, Зиверт и Надежда Бабкина также вошли в десятку лучших певиц.
- Исследование ""Ромир"" показало, что россияне доверяют Алле Пугачевой, Ольге Бузовой и Сергею Шнурову.
- Филипп Киркоров стал четвертым в списке лидеров рейтинга доверия среди музыкальных исполнителей.
- Артур Гаспарян объяснил результаты опроса ""Левада-Центра"", заявив, что Бузова и Элджей популярны только в узких кругах и не являются самыми раскрученными исполнителями в стране."
26,"- Певец Андрей Губин нашелся, отдыхая в Египте.
- Губин арендовал дом с бассейном и занимается творчеством.
- Ранее Губин жил в Египте после ухода со сцены.
- В июле Губин впервые за 15 лет выступил на публике.
- Пользователи сети выразили надежду на возвращение Губина на сцену.
- СМИ сообщали о ""пропаже"" Губина несколько раз.
- Продюсер Тарас Ващишин косвенно подтвердил ""исчезновение"" Губина.
- В последние годы Губин ведет затворнический образ жизни."
27,"- Российская певица МакSим рассказала о вынужденном уходе со сцены из-за травм, полученных в ДТП.
- Певица была вынуждена провести два месяца в больнице, где набрала 15 кг из-за осложнений.
- МакSим была вынуждена отменить концерты и мероприятия из-за проблем со здоровьем.
- Авария произошла в апреле 2019 года, когда певица спешила на работу над клипом.
- Соколова, представительница МакSим, выразила сожаление и извинения перед зрителями.
- Соколова также рассказала о состоянии здоровья певицы и о том, как она справляется с ситуацией."
28,"- Темнокожая актриса Лашана Линч подтвердила свое участие в фильме ""Не время умирать"" в роли агента 007.
- Линч столкнулась с травлей после появления слухов о ее персонаже и ушла на время из социальных сетей.
- Актриса считает, что роль в фильме - шаг в правильном направлении, способствующий борьбе с стереотипами вокруг расы и пола.
- Линч стремится передать правду на экране и сделать темнокожих зрителей счастливыми при просмотре фильма.
- Лашана Линч известна по роли Марии Рамбо в фильме ""Капитан Марвел"" и имеет небольшой актерский опыт."
29,"К сожалению, я не могу ничего сказать об этом. Давайте сменим тему?"
30,"- Президент Владимир Путин подписал указ о национальных целях и стратегических задачах развития России до 2024 года.
- Нацпроекты направлены на научно-технологическое и социально-экономическое развитие, повышение уровня жизни и раскрытие талантов.
- Новые цели более амбициозны, чем программы, начатые в 2014-2017 годах.
- Всего сформированы нацпроекты по 11 стратегическим направлениям.
- Проблемы российской экономики начались из-за снижения нефтяных цен и снижения спроса.
- Добывающие производства просели на 6,5%, промышленность в целом снизилась на 2,9%.
- Снижение потребления домашних хозяйств на 15,6% вызвано сокращением реальных располагаемых денежных доходов.
- Доходы федерального бюджета снизились на 2% ВВП, в основном из-за нефтегазовой отрасли.
- Ненефтегазовые доходы могут завершить год с отрицательным приростом.
- Выполнение нацпроектов под угрозой из-за экономических трудностей и снижения расходов.
- Экономическое развитие России определяется тремя негативными шоками: падением нефтяных цен, замедлением мировой экономики и снижением экспорта.
- Ожидается падение реального ВВП на 4,8-5%, но официальный прогноз более оптимистичен - минус 3,8%.
- Расходы бюджета на запланированном уровне негативно влияют на выполнение нацпроектов и планы правительства.
- Планируется нарастить расходы на 3,5 трлн рублей в ближайшие три года, но возможно потребуется долговое финансирование.
- Восстановление доходов бюджета медленное из-за низких темпов возвращения цены на нефть и туманных перспектив окончания пандемии."
31,"К сожалению, я не могу ничего сказать об этом. Давайте сменим тему?"
32,"К сожалению, я не могу ничего сказать об этом. Давайте сменим тему?"
33,"- Зима 2020-2021 годов будет теплее многолетней климатической нормы, но холоднее предыдущей зимы.
- Теплее всего будет в Архангельской, Вологодской областях и на Урале, а также в западной и центральной Сибири.
- Средняя зимняя температура в Москве вряд ли будет выше нуля, но снег в столице и окрестностях ожидается до конца текущей недели.
- Прошлую зиму определяли теплые воздушные массы, проникающие из Атлантики, в этом году такой ситуации не прогнозируется.
- Зимняя погода будет более волнообразной, прогнозы на весь сезон менее точны, чем кратковременные оценки.
- Ноябрь в Москве будет солнечным и засушливым с дефицитом осадков, ожидается влияние антициклона.
- Московский департамент транспорта призывает водителей поменять резину на зимнюю в кратчайшие сроки.
- Главное управление МЧС России по Московской области подготовило памятку об опасности использования летней резины зимой."
34,"- Финальная игра Национальной футбольной лиги США состоится 7 февраля 2022 года в Тампе.
- Хедлайнером Супербоула 2021 года станет канадский исполнитель The Weeknd.
- Выбор артиста обусловлен стремлением привлечь внимание более широкой аудитории.
- The Weeknd представит свой собственный звук, который определит новое поколение в музыке.
- НФЛ наняла Jay-Z для организации выступлений для Супербоула.
- В октябре представители НФЛ заявили о возможном заполнении стадиона только на 20% из-за пандемии.
- НФЛ не планирует переносить Супербоул на другую дату, несмотря на риски.
- Организаторы мероприятия планируют действовать в соответствии с протоколами НФЛ и принципами безопасности."
35,"К сожалению, я не могу ничего сказать об этом. Давайте сменим тему?"
36,"- Всероссийский студенческий союз требует увеличить количество бюджетных мест в Арктическом государственном агротехнологическом университете.
- 136 бюджетных мест были утеряны из-за мошеннической схемы, организованной ректором вуза.
- Ситуация может повлиять на экономическую ситуацию в регионе и побудить чиновников перепроверить российские вузы.
- Ректор АГАТУ задержан по подозрению в крупном мошенничестве, связанном с получением денег из федерального бюджета.
- Университет специализируется на подготовке специалистов для севера России и находится в ведении Минсельхоза РФ.
- Вопрос о приостановлении членства ректора будет рассмотрен на ближайшем президиуме регионального политического совета партии ""Единая Россия""."
37,"- Пандемия COVID-19 способствовала развитию рынка страхования.
- Объем страховой премии ""Росгосстрах Жизнь"" вырос в два раза за 9 месяцев 2020 года.
- Совокупная доналоговая прибыль российских страховщиков может превысить 300 млрд рублей в 2020 году.
- Общий объем премий по страхованию имущества физических лиц восстановился после первого полугодия.
- Август 2020 года показал рост страховых премий на 13,4% по сравнению с августом 2019 года.
- Страховщики сократили убыточность в некоторых сегментах из-за пандемии COVID-19.
- Группа ""АльфаСтрахование"" показала уверенный рост за 9 месяцев, сборы увеличились на 20%.
- Пандемия вызвала рост спроса на накопительные программы, особенно защиту от нового коронавируса.
- Рынок страхования жизни восстановился после трудного второго квартала.
- Рост рынка страхования продолжится, но после появления эффективных вакцин и завершения эпидемии.
- Мелкие игроки могут уйти с рынка, крупные игроки могут объединиться или поглотить друг друга."
38,"К сожалению, я не могу ничего сказать об этом. Давайте сменим тему?"
39,"- Исследователи из Университета Юты обнаружили 20 генов, связанных с риском самоубийств.
- Ежегодно в мире около миллиона человек кончают жизнь самоубийством.
- В семьях, где кто-либо покончил жизнь самоубийством, склонность к суициду наблюдается и у других членов.
- Генетика - лишь один из многих факторов, которые могут способствовать самоубийству.
- Большинство проанализированных геномов принадлежали жителям Северной Европы.
- Не для каждого человека удалось получить подробную медицинскую информацию.
- Ученые планируют оценить генетические риски самоубийств на большей выборке."
40,"К сожалению, я не могу ничего сказать об этом. Давайте сменим тему?"
41,"- В сентябре 2020 года коллеги и друзья Алексея Баталова обвинили Наталию Дрожжину и Михаила Цивина в присвоении его имущества.
- Родственники актера лишились недвижимости и денежных средств из-за махинаций Дрожжиной и Цивина.
- Вдова Баталова и его дочь Мария вернули себе помещение в Доме на набережной, где располагалась мастерская и кабинет актера.
- Адвокат Нарек Костанян согласился вернуть кабинет наследникам после обнаружения махинаций.
- Дрожжина и Цивин утверждают, что заключили договор ренты с пожизненным содержанием дочери Баталова Марии, страдающей ДЦП.
- Вдова Баталова опровергает это заявление и утверждает, что наследство досталось бы его дочери Надежде от предыдущего брака.
- 26 октября Дрожжина и Цивин были задержаны и обвинены в мошенничестве.
- Семья актера не собирается идти на мировую с бывшими друзьями и грозит им до десяти лет лишения свободы."
42,"К сожалению, я не могу ничего сказать об этом. Давайте сменим тему?"
43,"- Эффективность иммунной защиты от коронавируса не изучена, ученые не могут указать количество повторных заражений.
- Система доказала, что заражение было повторным, используя исследование геномов выделенных вирусов.
- Наличие антител не всегда означает наличие иммунитета, многие тесты выявляют антитела к N-белку, который является маркером перенесенной инфекции.
- Даже если человек переболел коронавирусом, он может заразиться во второй раз из-за ослабления иммунитета.
- Повторное заражение может произойти, но течение болезни будет легче.
- Распространение коронавируса возможно остановить при наличии популяционного иммунитета и вакцинации.
- В России существует вакцина ""Спутник V"", которая уже запущена в гражданский оборот и доступна для вакцинации."
44,"- Тело стрелявшего во французских жандармов найдено неподалеку от коммуны Сен-Жюст.
- Стрелок был ""сумасшедшим"" и изначально был обвинен в домашнем насилии.
- Мужчина открыл огонь по полицейским, убив их всех троих.
- После убийства полицейских, мужчина поджег свой дом, что вызвало сомнения в его судьбе.
- Нападавшему 48 лет, его супругу удалось спасти.
- Ранее, 17 декабря, вооруженный мужчина взял свою жену в заложники, но позже они были найдены мертвыми.
- Мужчина ранее уже был судим за домашнее насилие и увлекался радикальным исламом.
- Инцидент был классифицирован как теракт."
45,"- Пост компании Samsung в Facebook высмеивал решение Apple убрать зарядный блок из комплекта iPhone 12.
- Apple объяснила отказ от адаптера питания стремлением снизить количество электронных отходов.
- Samsung опубликовала язвительный комментарий на своей странице в Facebook, прикрепив фотографию зарядного блока.
- Пост компании хвастался, что ее смартфоны поставляются с зарядкой и другими функциями.
- Samsung удалила пост, возможно, следуя примеру Apple, которая также решила не класть зарядку в комплект к смартфонам Galaxy S21.
- Это не первый случай, когда Samsung высмеивает действия Apple и повторяет их.
- Анонс новой линейки смартфонов Galaxy S21 запланирован на 14 января 2021 года."
46,"К сожалению, я не могу ничего сказать об этом. Давайте сменим тему?"
47,"К сожалению, я не могу ничего сказать об этом. Давайте сменим тему?"
48,"- Президент США Дональд Трамп критикует решение сената о принятии оборонного бюджета на следующий год.
- Трамп считает, что раздел 230 закона об этике в сфере коммуникаций должен быть удален, так как он защищает технологические компании.
- Трамп недоволен тем, что сенат не принял законопроект об увеличении прямых выплат американцам.
- Трамп подписал проект бюджета на 2021 финансовый год, предусматривающий выплаты гражданам в размере $600.
- Оборонный бюджет предусматривает выделение $740,5 млрд на финансирование Пентагона и реализацию программ в сфере обороны и безопасности.
- В оборонном бюджете прописаны санкции против российских газовых проектов ""Северный поток - 2"" и ""Турецкий поток"".
- Трамп хочет, чтобы статья 230 закона о телекоммуникациях была отменена, введя ответственность интернет-компаний за модерирование пользовательского контента.
- Несмотря на недовольство Трампа, конгрессмены приняли оборонный бюджет в изначальном виде."
49,"- Народный артист СССР Олег Басилашвили госпитализирован в больницу №40 в Санкт-Петербурге с диагнозом коронавирус.
- У Басилашвили и его семьи диагностирован коронавирус, что осложняет его состояние из-за хронической болезни легких.
- Большой драматический театр был недоступен для комментариев по поводу состояния Басилашвили, но его программа до конца января не включает постановок с его участием.
- Басилашвили родился в 1934 году и имеет широкий успех в фильмах, таких как ""Служебный роман"", ""Вокзал для двоих"" и ""Осенний марафон"".
- Актриса Алиса Фрейндлих, сыгравшая с Басилашвили в ""Служебном романе"", была госпитализирована с коронавирусом и имеет 80% поражение легких.
- В Большом драматическом театре заявили о том, что Фрейндлих идет на поправку, но ее состояние остается под вопросом."
50,"- В Джорджии продолжаются выборы в сенат, где лидируют демократы Джон Оссофф и Рафаэль Уорнок.
- Кандидаты от Республиканской партии Келли Леффлер и Дэвид Пердью также имеют высокие рейтинги.
- Большинство либеральных СМИ считают, что исход выборов решит дуэль между Оссоффом и Пердью.
- Оссофф опережает Пердью на 13 тысяч голосов, но осталось подсчитать еще около 100 тысяч бюллетеней.
- Результаты выборов могут быть объявлены до 8 января, что дает каждому кандидату шанс на победу.
- Победа Оссоффа и Уорнока может положить конец тупику в конгрессе и позволить демократам продвигать свою повестку.
- Байден заявил, что победа демократов позволит им контролировать конгресс и реализовывать свои предвыборные обещания.
- Трамп считает, что выборы были сфальсифицированы в пользу демократов и отказывается признавать их результаты."
51,"К сожалению, я не могу ничего сказать об этом. Давайте сменим тему?"
52,"- Дмитрий Карасев, 57-летний актер, скончался в своей квартире в Москве.
- Причиной смерти стала сердечная недостаточность.
- У Карасева остались жена, сын и маленькая внучка.
- За свою карьеру он сыграл более 50 ролей в фильмах и сериалах.
- В 90-е годы он часто получал заметные роли в комедиях и криминальных фильмах категории ""Б"".
- Широкую популярность ему принесла комедия ""Московская любовь"" режиссера Валерия Курыкина.
- В конце прошлого года он сыграл небольшую роль в историческом сериале ""Грозный"".
- В 2004 году он дебютировал в качестве режиссера, поставив спектакль ""Белый рыцарь"" по повести Маркиза де Сада."
53,"- Задержанные в Южном Судане россияне отпущены, решаются вопросы их выезда из страны.
- Среди задержанных - блогер Илья Варламов и издатель ""Медиазоны"" Петр Верзилов.
- Посольство России в Уганде и Южном Судане предпринимало усилия по освобождению россиян.
- Варламов и Верзилов были освобождены благодаря помощи друга сына президента Южного Судана.
- Россияне были задержаны из-за отсутствия разрешения на съемку с беспилотника.
- Арест россиян может быть связан с подготовкой Уганды к президентским выборам.
- Власти Уганды приняли решение развернуть специальные подразделения сил безопасности на фоне выборов."
54,"- Россия переходит к массовой вакцинации от коронавируса с 18 января.
- Президент РФ Владимир Путин просит выстроить график вакцинации по аналогии с гриппом.
- Вице-премьер Татьяна Голикова готова начать широкомасштабную вакцинацию со следующей недели.
- Ирина Шестакова считает, что для остановки пандемии необходимо вакцинировать 75% населения.
- Российский фонд прямых инвестиций сообщает о 1,5 млн привитых от коронавируса вакциной ""Спутник V"".
- Президент Путин выражает надежду на восстановление нормальной жизни в 2021 году.
- Татьяна Голикова утверждает, что обе российские вакцины ""Спутник V"" и ""ЭпиВакКорона"" эффективны и не имеют серьезных побочных эффектов."
55,"К сожалению, я не могу ничего сказать об этом. Давайте сменим тему?"
56,"К сожалению, я не могу ничего сказать об этом. Давайте сменим тему?"
57,"К сожалению, я не могу ничего сказать об этом. Давайте сменим тему?"
58,"- В Московском регионе выпало 3/4 месячной нормы осадков, высота снежного покрова достигла 56 см.
- Рекорд высоты снежного покрова в Москве составляет 60 см, возможен побитие.
- Чрезвычайно сильный снегопад вызван циклоном ""Волкер"".
- Снегопады сопровождались метелями и сильным ветром.
- Синоптики прогнозируют ослабление стихии к утру 14 февраля.
- Коммунальные службы вывезли около 1,1 млн кубометров снега.
- Обильный снегопад не повлиял на работу общественного транспорта.
- В соседних регионах высота снежного покрова превысила 70 см.
- В Сочи из-за снега не смогли сесть 10 самолетов, рейсы ушли на запасные аэродромы.
- На следующей неделе в Москву придут ""сретенские морозы"" до -27°."
59,"- Правительство разработало новый пакет мер поддержки малого, среднего и крупного бизнеса для сохранения рабочих мест.
- Программа кредитования бизнеса ""ФОТ 0"" предусматривает займы на год с нулевой ставкой для выплаты зарплаты сотрудникам.
- Дополнительное снижение стоимости льготных кредитов для МСП на 2-3 п.п., но с условием увеличения персонала на 10% к декабрю 2021 года.
- Предприятиям, восстанавливающимся медленнее других, планируется списать задолженность по налогам и страховым взносам.
- Фиксация кадастровой стоимости объектов и создание переходного налогового режима для компаний, утративших специальные условия.
- Поддержка бизнеса является сопутствующим явлением, но меры поддержки не будут лишними.
- Снижение нагрузок на фонды оплаты труда может быть эффективнее через пересмотр отчислений в специализированные фонды.
- Льготные кредиты на восстановление деятельности стали самой востребованной мерой поддержки, но увеличение персонала на 10% может быть сложно для некоторых отраслей.
- Предприниматели не остро нуждаются в объемной помощи от государства, но важно сохранение стабильности правового регулирования."
60,"К сожалению, я не могу ничего сказать об этом. Давайте сменим тему?"
61,"- Антимонопольные регуляторы Китая планируют оштрафовать Alibaba на $975 млн за нарушение антимонопольного законодательства.
- Alibaba является одним из самых успешных маркетплейсов в мире, с чистой прибылью около $20 млрд.
- Регулятор требует от Alibaba отказаться от наказания продавцов за торговлю через конкурирующие платформы и дистанцироваться от Джека Ма.
- Штраф в размере $1 млрд не будет слишком чувствителен для Alibaba, но инвесторы будут больше волновать вопросы ужесточения регулирования и финансовых показателей компании.
- Аналитики считают, что Alibaba обвиняют в поглощении компаний без одобрения регулятора и сосредоточении слишком большой доли сбытовых цепочек.
- На Западе также есть попытки ограничить IT-гиганты, но они отличаются от китайских.
- Государствам, включая Россию, не выгодно наличие крупных маркетплейсов, так как они создают свои стандарты и берут плату за инфраструктуру.
- Антимонопольные разбирательства с крупными технологическими компаниями происходят не только в Китае, но пока не приводят к кардинальным изменениям в структуре компаний."
62,"- Российские рубежи на восточном направлении защищены современными зенитными ракетными комплексами и боевыми самолетами.
- Министр обороны РФ Сергей Шойгу заявил об успешном решении задач Восточного военного округа в прошлом году.
- Система противовоздушной обороны Восточного военного округа получила дальнейшее развитие.
- В рамках Государственной программы вооружения продолжается переоснащение войск Восточного округа.
- Южная Корея выразила глубокую озабоченность и заявила о готовности к сотрудничеству с США и Японией.
- Япония осудила запуск ракет и призвала международное сообщество усилить мониторинг и наблюдение в регионе.
- Министерство обороны Японии заявило о возможном падении обломков ракет за пределами территории страны.
- Пресс-секретарь президента России заявил, что ракетные пуски КНДР не представляют угрозы для РФ, но российское военное командование следит за испытаниями."
63,"- Hades признана лучшей игрой года по версии Bafta Games Awards 2021.
- Экшен-адвенчура Hades основана на древнегреческой мифологии.
- Игра получила пять наград: ""Лучшая игра"", ""Лучший геймдизайн"", ""Лучший нарратив"", ""Лучшая актерская игра второго плана"" и ""Приз за художественные достижения"".
- Hades была хорошо принята игроками и критиками за уникальный геймплей.
- В 2020 году Hades получила награду в номинациях ""Лучшая инди-игра"" и ""Лучший экшен"" на премии The Game Awards 2020.
- The Last of Us Part II стала лидером по количеству номинаций, но получила только три награды.
- Animal Crossing: New Horizons получила две награды на Bafta Games Awards 2021, включая приз ""Игры за гранью развлечения"".
- Kentucky Route Zero: TV Edition получила приз ""Лучшая оригинальная игра"", Sea of Thieves - ""Лучшая игра-сервис"", Ghost of Tsushima - ""Лучший звук"", Sackboy: A Big Adventure - ""Лучшая игра для всей семьи"", Сarrion - ""Лучший дебют"", Marvel's Spider-Man: Miles Morales - ""Лучшая музыка"", а Dreams - ""За технические достижения""."
64,"К сожалению, я не могу ничего сказать об этом. Давайте сменим тему?"
65,"К сожалению, я не могу ничего сказать об этом. Давайте сменим тему?"
66,"К сожалению, я не могу ничего сказать об этом. Давайте сменим тему?"
67,"- Около 34% пациентов, перенесших коронавирус, отмечают у себя симптомы психических расстройств.
- Наиболее распространенными диагнозами стали тревожность и расстройство личности.
- Участие в исследовании принимали 236 000"
68,"- В России бедствуют 17,8 млн человек, что составляет 12,1% населения.
- 13,5 млн человек (9,2%) получают доход ниже прожиточного минимума.
- В конце 2020 года среднедушевые доходы населения выросли более чем на 20%.
- Средние зарплаты и пенсии также выросли, но медленнее инфляции.
- Медианные зарплаты вместо потребительской корзины определяют уровень бедности.
- Социальные программы стали главным фактором поддержки малоимущих.
- Общий объем социальных выплат в IV квартале 2020 года оценивается в 3,4 трлн рублей.
- Счетная палата предлагает рассчитывать социальные пособия исходя из общего дохода семьи."
69,"- Физика из Иллинойсского университета в Чикаго выяснила, что вихревое кольцо газов при выстреле позволяет убийце остаться практически чистым.
- Американская актриса Лана Кларксон была застрелена в упор, но на одежде продюсера Фила Спектора было лишь 18 крошечных брызг.
- Эксперименты показали, что капли крови движутся по прямой траектории, но новые исследования выявили влияние гравитации и аэродинамического сопротивления.
- Инженер Александр Ярин и его коллеги использовали пенопластовый макет с кровью для изучения поведения брызг при выстреле.
- Они обнаружили, что дульные газы при выстреле изменяют траекторию брызг, иногда направляя их за спину жертвы.
- Выводы могут иметь значение для криминалистики и помочь в решении уголовных дел."
70,"- BIM (Building Informational Modeling) - информационное моделирование, решающее проблемы обработки информации и хранения данных в проектно-строительной и инфраструктурной деятельности.
- Президент Владимир Путин поставил задачу подготовить чёткий пошаговый план сквозного повсеместного использования цифрового проектирования в послании Федеральному собрании.
- В России понятие BIM впервые было закреплено в Градостроительном кодексе в 2019 году, а с 2022 года BIM станет обязательным для всех объектов госзаказа.
- BIM-технологии позволяют снизить капитальные затраты при строительстве и эксплуатации объектов, а также развивать проектную отрасль и наращивать компетенции.
- Группа компаний «Моспроект-3» активно внедряет BIM-технологии в транспортное строительство, что способствует популяризации BIM-технологий в России.
- BIM-технологии используются при проектировании инфраструктурных объектов, включая Северный дублер Кутузовского проспекта и продление Сокольнической линии Московского метрополитена.
- Уровень внедрения BIM-технологий в России относительно невысок, но популярность технологии BIM обречена стать прорывной благодаря вниманию правительства к цифровой экономике."
71,"- Рост цен на крупы возможен из-за уведомления поставщиков о повышении стоимости на 7,5-15% с марта-апреля.
- Ритейлеры уверяют, что пока не акцептованы сделки с компаниями, заявляющими о новой стоимости круп.
- Коммерческий директор гастрономов ""Красный Яр"" сообщил о ""устойчивой тенденции к росту"" стоимости закупки злаковых продуктов.
- Аналогичные предупреждения поступают от производителей и сети ""Командор"".
- Топ-менеджеры сети ""Командор"" отмечают наличие складских запасов круп по старым оптовым ценам и возможность снижения отпускной стоимости.
- В прошлом году ажиотажный спрос на крупы был вызван карантинными ограничениями из-за коронавируса.
- Рост стоимости гречки объясняется неурожаем, дефицитом на рынке и увеличением стоимости упаковки.
- Производители гречки сталкиваются с проблемами поставок и не понимают, действительно ли мало гречки или это искусственное занижение продаж."
72,"- Российский президент Владимир Путин сообщил индийскому премьер-министру Нарендре Моди о предоставлении гуманитарной помощи для борьбы с коронавирусом.
- В помощь Индии будет отправлено более 22 тонн средств, включая оборудование для выработки кислорода, аппараты искусственной вентиляции легких и медицинские мониторы.
- Президент России Владимир Путин выразил благодарность премьер-министру Индии Нарендре Моди за сотрудничество в высокотехнологичной области.
- Индийская сторона также выразила благодарность за регистрацию российской вакцины ""Спутник V"" и договоренность о производстве препарата в Индии.
- Планируется начать выпуск ""Спутника V"" в мае, и Индия получит вакцину уже в начале мая.
- Россия и Индия договорились о запуске нового диалога в формате ""2+2"", который предполагает переговоры министров иностранных дел и обороны обеих стран.
- Индия испытывает трудности с коек и кислородными баллонами, и Всемирная организация здравоохранения направляет помощь для борьбы с растущим числом случаев коронавируса."
73,"К сожалению, я не могу ничего сказать об этом. Давайте сменим тему?"
74,"- Всемирная организация здравоохранения одобрила китайскую вакцину Sinopharm для экстренного использования.
- Sinopharm - первая китайская вакцина, классифицированная ВОЗ как безопасная и эффективная.
- Эффективность вакцины составляет около 79% в снижении тяжелых или симптоматических заболеваний.
- Большинство побочных эффектов - легкие или умеренные, включая боль в месте инъекции и головную боль.
- Препарат был разрешен для вакцинирования в 45 странах, включая Китай, Бахрейн, Египет, Иорданию и ОАЭ.
- Эксперты указывают на возможное улучшение доступа к вакцинам на следующей неделе с рассмотрением китайской вакцины Sinovac.
- Появление двух китайских препаратов может изменить картину пандемии в ближайшие месяцы.
- Китай сталкивается с дефицитом препарата, что может замедлить глобальный доступ к вакцинам."
75,"- В США выпущен указ об обеспечении кибербезопасности.
- Цель указа - защитить федеральные компьютерные системы от хакерских атак.
- Указываются три примера хакерских атак: SolarWinds, Microsoft Exchange, Colonial Pipeline.
- Инициативы указа направлены на устранение барьеров между государством и бизнесом.
- Частные IT-компании смогут делиться информацией с властями и запрашивать информацию о атаках.
- Планируется внедрение более мощных и актуальных стандартов кибербезопасности.
- Власти получат доступ к защищенным облачным сервисам и ключам многофакторной аутентификации.
- Будет установлен повышенный контроль над программным обеспечением правительства.
- Создание специального органа - Совета по кибербезопасности."
76,"- Ситуация с ценами на сахар стабильна, все участники соблюдают условия соглашений.
- Квота на импорт сахара с пониженной пошлиной способствует сохранению стабильных цен.
- Расширение посевных площадей сахарной свеклы на 15% способствует сдерживанию цен.
- Минсельхоз прогнозирует производство 40 млн тонн свеклы в 2021 году, что обеспечит потребности рынка и запасы.
- Вводится новая мера поддержки - субсидии на производство и поставку сахара в торговые сети.
- Минсельхоз планирует рекомендовать заводам продавать сахар в первую очередь торговым сетям.
- Сбор свеклы на юге может начаться позже, что отсрочит производство сахара.
- Правительство продолжит регулировать цены на сахар и подсолнечное масло до 1 июня и 1 октября 2021 года соответственно."
77,"К сожалению, я не могу ничего сказать об этом. Давайте сменим тему?"
78,"- Участковый уполномоченный полиции на Чукотке незаконно сажал людей в клетку и избивал их.
- Клетка была размером с кухонный холодильник и находилась в коридоре сельского пункта полиции.
- В сентябре 2020 года участковый избил 21-летнюю девушку и поместил в клетку 34-летнюю женщину и 21-летнего молодого человека.
- Сотрудника подозревают в превышении должностных полномочий и нарушении закона о полиции.
- Расследование уголовного дела продолжается, полицейскому может грозить до десяти лет лишения свободы.
- Прокуратура сообщила о двух экс-полицейских, которые предстанут перед судом за избиение жителей поселка Провидения.
- Полицейские задержали провиденцев и требовали от них подписать документы о причастности к краже телефона, после чего избили их."
79,"К сожалению, я не могу ничего сказать об этом. Давайте сменим тему?"
80,"К сожалению, я не могу ничего сказать об этом. Давайте сменим тему?"
81,"К сожалению, я не могу ничего сказать об этом. Давайте сменим тему?"
82,"К сожалению, я не могу ничего сказать об этом. Давайте сменим тему?"
83,"- Военные парады были обязательными атрибутами стран-победительниц Второй мировой войны.
- Парады Победы проходили в Англии, Бирмингеме, Престоне и Борнмуте.
- Самый многочисленный парад состоялся на Красной площади 24 июня 1945 года.
- Военные парады также проводились в Осло, Париже и Берлине.
- Совместный парад СССР, США, Великобритании и Франции состоялся 7 сентября 1945 года в Берлине.
- Парад в Лондоне в 1946 году был одним из самых известных и привлек большое количество зрителей.
- На параде присутствовали военные разных национальностей, включая австралийцев, египтян, китайцев, американцев и мексиканцев.
- Австралийские военные общались с местным населением и интересовались возможностью эмиграции в Австралию."
84,"К сожалению, я не могу ничего сказать об этом. Давайте сменим тему?"
85,"- Уполномоченный по правам человека Татьяна Москалькова сообщила о большом количестве жалоб на дискриминацию непривитых россиян.
- Москалькова заявила, что собирается обратиться в прокуратуру по одному из заявлений.
- Мэр Краснодара объявил, что непривитые сотрудники администрации будут работать за голый оклад до конца года.
- Москалькова считает, что идея массовой вакцинации правильная, но используемые механизмы порождают массовый психоз и боязнь принуждения.
- Она предлагает предоставить преференции тем, кто не может привиться по медицинским показаниям.
- Москалькова призывает россиян сделать выбор между вакцинацией и другими причинами.
- Она прошла вакцинацию и считает, что вакцина помогает легче перенести заболевание.
- Глава Минтруда и соцзащиты Антон Котяков заявил, что работодатели могут отстранять от работы сотрудников, не прошедших вакцинацию."
86,"- Всемирная организация здравоохранения (ВОЗ) провела проверку российских предприятий, производящих вакцину ""Спутник V"".
- ВОЗ выявила недостатки в идентификации и отслеживании партий вакцины, а также в работе операторов на линии.
- ВОЗ также озаботилась внедрением программы экологического мониторинга и проверкой стерильности фильтрации вакцины.
- В общей сложности, ВОЗ доложила о шести нарушениях производителю и государственным надзорным органам.
- Замечания коснулись только уфимского предприятия ""Фармстандарт-УфаВИТА"".
- Российские надзорные органы осуществляют ""самый жесткий"" контроль.
- ""Спутник V"" стал первой зарегистрированной в мире антиковидной вакциной.
- Российская вакцина ""Спутник V"" сертифицирована в более чем 60 странах и импортирована за рубеж на сумму 16,3 млн долларов."
87,"- Российское правительство планирует восстановить железнодорожные грузоперевозки с Узбекистаном для снижения цен на фрукты и овощи.
- Россия планирует запустить ""Агроэкспрессы"" для наращивания взаимных поставок сельскохозяйственной продукции.
- Проект ""Агроэкспресс"" упростит логистику и ускорит доставку сельхозпродукции.
- Определен маршрут транспортировки продукции АПК от Узбекистана до России через Казахстан.
- Российский рынок стал основным для экспорта плодоовощной продукции из Узбекистана.
- Товарооборот между Россией и Узбекистаном вырос на 15,7% в 2020 году.
- ""Агроэкспресс"" в Минэкономразвития называют пилотным проектом, который может быть продлен до других среднеазиатских республик.
- Запуск ""Агроэкспресса"" и товарная номенклатура обсуждаются, дата запуска может быть сформирована не раньше сентября."
88,"К сожалению, я не могу ничего сказать об этом. Давайте сменим тему?"
89,"- Литовские власти объявили чрезвычайное положение из-за роста потока мигрантов из Белоруссии.
- Начальник Управления по чрезвычайным ситуациям - глава МВД Агне Билотайте.
- Билотайте подчеркивает, что решение властей не говорит о возросшей угрозе, а необходимо для ускорения действий.
- Премьер-министр Литвы Ингрида Шимоните подтверждает необходимость объявления экстремальной ситуации для решения логистических проблем.
- Литва усилила охрану границы с Белоруссией и привлекла сотрудников Frontex.
- Глава МВД Литвы Билотайте предлагает установить системы наблюдения на всей границе с Белоруссией.
- МИД Литвы обвиняет власти Белоруссии в ""гибридной атаке"" на границы страны.
- Белорусские власти не помогают литовским пограничникам в расследовании случаев проникновения нелегальных мигрантов."
90,"- Ветеран Великой Отечественной войны Василий Пронин стал жертвой мошенников.
- Мошенники пытались обмануть Пронина, представившись сотрудницей Пенсионного фонда и предлагая оплатить штраф за просроченную аренду ячейки.
- Пронин обратился в правоохранительные органы, и было возбуждено уголовное дело.
- Злоумышленники разыскиваются полицией, один из них задержан.
- Подозреваемые утверждают, что выполняли заказ по инкассации и не знают, за что задержаны.
- Координация действий мужчин осуществлялась из-за рубежа, виновным грозит до 1,5 лет лишения свободы."
91,"- Расходы правительства на культуру в России выросли за последние семь лет и составили 610 млрд рублей.
- Финансирование из федерального и региональных бюджетов увеличилось на 52% и 65% соответственно.
- Более 8,5 тысяч объектов культуры нуждаются в ремонте или находятся в аварийном состоянии.
- В некоторых регионах процент ветхих объектов достигает 50%.
- Аудиторы отмечают нехватку и неравномерность размещения кинозалов, а также низкий уровень доступа к интернету в культурно-досуговых учреждениях.
- Культура вошла в перечень показателей эффективности деятельности высших должностных лиц субъектов РФ.
- Деятели культуры высказываются за увеличение государственных расходов на культуру.
- Расходы на культуру всегда были проблемой, и требуется не менее 4% ВВП для нормального развития."
92,"- Разрушительное наводнение в Германии привело к 133 жертвам.
- Не менее 43 человек погибли в Северном Рейне - Вестфалии, 90 - в Рейнланд-Пфальце.
- Наводнение вызвано ливневыми дождями и выходом притоков Рейна из берегов.
- Премьер-министр Рейнланд-Пфальца считает, что потеря связи с гражданами связана с проблемами в сотовой сети.
- Канцлер Германии Ангела Меркель посетит зону бедствия в Рейнланд-Пфальце.
- Режим военной катастрофы введен на западе Германии, децентрализация имеет решающее значение.
- 850 военнослужащих Германии направлены на борьбу со стихией и устранение последствий наводнения."
93,"К сожалению, я не могу ничего сказать об этом. Давайте сменим тему?"
94,"- Самолет Boeing-737 совершил экстренную посадку в симферопольском аэропорту с 162 пассажирами и семью членами экипажа.
- Посадка прошла благополучно, но источник ТАСС сообщил о вибрации двигателя при вылете.
- Четыре самолета находились в воздухе над Черным морем, ожидая посадки, но приземлились благополучно.
- В аэропорту Симферополя не было зафиксировано экстренных посадок 27 июля.
- Самолет Boeing-737 должен был вылететь обратно до полуночи, но техническая служба провела проверку и выявила неисправность.
- Пассажирский самолет Belavia приземлился в Москве с одним выключенным двигателем, после чего был перемещен на стоянку.
- Самолет Airbus A320 Уральских авиалиний совершил аварийную посадку в Екатеринбурге из-за отказа автопилота, никто не пострадал."
95,"- Лавовая трубка Умм Джирсан в Саудовской Аравии является частью системы лавовых трубок.
- Ученые обнаружили останки 40 видов животных, включая человеческие черепа, в пещере.
- Возраст некоторых костей составляет до 7000"
96,"- Нештатное включение двигателей модуля ""Наука"" после стыковки с МКС вызвано срабатыванием системы безопасности.
- Модуль ""Наука"" не мог поверить, что уже состыковался с МКС, и система управления думала, что он все еще в свободном полете.
- Инцидент не нанес видимых повреждений МКС, но последствия могут проявиться в будущем.
- Роскосмос не будет привлекать зарубежных специалистов к расследованию инцидента с ""Наукой"".
- Модуль ""Наука"" интегрирован в российский сегмент МКС.
- Тяжелая ракета ""Протон-М"" с модулем ""Наука"" стартовала с космодрома Байконур 21 июля и состыковалась с МКС 29 июля.
- Модуль ""Наука"" предназначен для реализации российской программы научно-прикладных исследований и экспериментов.
- В апреле благодаря модулю ""Наука"" станет возможным проводить эксперименты в открытом космосе, не выходя со станции."
97,"- Wildberries сообщает о давлении иностранных платежных систем на российские банки.
- Wildberries получает официальные письма от зарубежных платежных систем с угрозами штрафных санкций.
- Речь может идти о штрафах в размере $25 тыс., что рассматривается как попытки давления на российские финансовые организации.
- Wildberries не вводила дополнительных комиссий, так как тарифы формируются платежными системами.
- Visa и Mastercard обеспокоены сложившейся ситуацией и работают над урегулированием вопроса.
- Международная платежная система Visa предупредила о штрафах за транзакцию с наценкой.
- Федеральная антимонопольная служба не видит оснований для применения мер антимонопольного реагирования."
98,"- Большинство медицинских работников испытывают перегрузки на работе из-за вакцинации от коронавируса.
- 66,6% медицинских работников заявили о снижении качества медпомощи из-за прививочной кампании.
- Нехватка среднего медицинского персонала составляет более 100 тыс. человек, а врачей - 50 тыс.
- Сбои в медицинской помощи происходят в пиковые моменты нагрузки из-за нехватки врачей и медперсонала.
- Многие сотрудники учреждений здравоохранения совмещают несколько ставок, что увеличивает нагрузку на персонал.
- Нехватка врачей ощущается сильнее в сельской местности, где обеспеченность врачами составляет 16 на 10 тыс. населения.
- Вакцинация не освобождает медицинских работников от плановой работы, что приводит к перегрузкам."
99,"- В Свердловской области площадь природного пожара увеличилась в три раза, с 70 до 240 га.
- Огонь подобрался к двум базам отдыха и садовому товариществу ""Мирный"".
- Власти рекомендовали садоводам и туристам покинуть территорию, была организована эвакуация.
- Из садового товарищества эвакуировали 83 человека, в том числе 12 детей.
- Спасатели МЧС проводят окарауливание и мониторинг обстановки с помощью беспилотных летательных аппаратов.
- В ликвидации пожара задействованы 121 сотрудник экстренных служб и 29 единиц техники.
- Тушение с воздуха неэффективно при таком типе пожара, основная задача - отстоять садовое товарищество ""Мирный"".
- К тушению подключаются добровольцы, сообщество ""Парки и скверы Екатеринбурга"" объявило сбор волонтеров."
